extracted_file,embedded_source_path,reconstructed_path,all_embedded_lua_references
0001_00A6EF5B_0D523110.luac,..\..\Image\DontShip\Common\Scripts\\LevelsDLC1\RocketDash.lua,LevelsDLC1\RocketDash.luac,..\..\Image\DontShip\Common\Scripts\\LevelsDLC1\RocketDash.lua | common.lua | EnemyTypes.lua | Vector.lua | GridShapes.lua
0002_010030B0_92D03460.luac,..\..\Image\DontShip\Common\Scripts\\LevelsMobile\HardCore\RunFamily_HC_Mob.lua,LevelsMobile\HardCore\RunFamily_HC_Mob.luac,..\..\Image\DontShip\Common\Scripts\\LevelsMobile\HardCore\RunFamily_HC_Mob.lua | common.lua | EnemyTypes.lua | GridShapes.lua | Entities\LuaEntity.lua | Vector.lua | SuperStates.lua
0007_0265F67D_AB71F0D7.luac,..\..\Image\DontShip\Common\Scripts\\LevelsDLC1\StockedUp.lua,LevelsDLC1\StockedUp.luac,..\..\Image\DontShip\Common\Scripts\\LevelsDLC1\StockedUp.lua | common.lua | EnemyTypes.lua | Vector.lua | GridShapes.lua | SuperStates.lua
0010_03749B8A_C1E3C736.luac,..\..\Image\DontShip\Common\Scripts\\LevelsMobile\Deadline_Endurance_Mob.lua,LevelsMobile\Deadline_Endurance_Mob.luac,..\..\Image\DontShip\Common\Scripts\\LevelsMobile\Deadline_Endurance_Mob.lua | common.lua | EnemyTypes.lua | GridShapes.lua | Entities\LuaEntity.lua | Vector.lua | SuperStates.lua
0012_03DBB3C9_0BE96053.luac,..\..\Image\DontShip\Common\Scripts\\LevelsMobile\Ultimate\DeadlineFiveMins_Mob.lua,LevelsMobile\Ultimate\DeadlineFiveMins_Mob.luac,..\..\Image\DontShip\Common\Scripts\\LevelsMobile\Ultimate\DeadlineFiveMins_Mob.lua | common.lua | EnemyTypes.lua | GridShapes.lua | Entities\LuaEntity.lua | Vector.lua | SuperStates.lua | Entities\WallEntity.lua
0014_04680394_1ED80909.luac,..\..\Image\DontShip\Common\Scripts\\LevelsHC\GateDash_HC.lua,LevelsHC\GateDash_HC.luac,..\..\Image\DontShip\Common\Scripts\\LevelsHC\GateDash_HC.lua | common.lua | EnemyTypes.lua | Vector.lua | GridShapes.lua
0016_04C1E777_A485121B.luac,..\..\Image\DontShip\Common\Scripts\\LevelsDLC1\GateDashMaze.lua,LevelsDLC1\GateDashMaze.luac,..\..\Image\DontShip\Common\Scripts\\LevelsDLC1\GateDashMaze.lua | common.lua | EnemyTypes.lua | Vector.lua | GridShapes.lua | Entities\LuaEntity.lua | SuperStates.lua | Entities\WallEntity.lua
0017_0505D8D1_4E9C49C9.luac,..\..\Image\DontShip\Common\Scripts\\Levels\ColCylinderWallStatic.lua,Levels\ColCylinderWallStatic.luac,..\..\Image\DontShip\Common\Scripts\\Levels\ColCylinderWallStatic.lua | common.lua | EnemyTypes.lua | Vector.lua | GridShapes.lua | Entities\WallEntity.lua | SuperStates.lua
0019_056EAA46_F5A0657B.luac,..\..\Image\DontShip\Common\Scripts\\LevelsHC\CompactorCylinder_HC.lua,LevelsHC\CompactorCylinder_HC.luac,..\..\Image\DontShip\Common\Scripts\\LevelsHC\CompactorCylinder_HC.lua | common.lua | EnemyTypes.lua | Vector.lua | GridShapes.lua | Entities\WallEntity.lua | SuperStates.lua
0021_057BC011_2C891843.luac,..\..\Image\DontShip\Common\Scripts\\LevelsMobile\PaintedSphere_Mob.lua,LevelsMobile\PaintedSphere_Mob.luac,..\..\Image\DontShip\Common\Scripts\\LevelsMobile\PaintedSphere_Mob.lua | common.lua | EnemyTypes.lua | GridShapes.lua | Entities\LuaEntity.lua | Vector.lua | SuperStates.lua
0025_0689199F_6A07E160.luac,..\..\Image\DontShip\Common\Scripts\\Levels\Waves.lua,Levels\Waves.luac,..\..\Image\DontShip\Common\Scripts\\Levels\Waves.lua | common.lua | EnemyTypes.lua | Vector.lua | GridShapes.lua
0037_090F4F71_26035D86.luac,..\..\Image\DontShip\Common\Scripts\\Levels\CheckpointMaze.lua,Levels\CheckpointMaze.luac,..\..\Image\DontShip\Common\Scripts\\Levels\CheckpointMaze.lua | common.lua | EnemyTypes.lua | GridShapes.lua | Entities\LuaEntity.lua | Vector.lua | SuperStates.lua
0038_0925DB32_E8BADD21.luac,..\..\Image\DontShip\Common\Scripts\\Levels\PBonus02.lua,Levels\PBonus02.luac,..\..\Image\DontShip\Common\Scripts\\Levels\PBonus02.lua | common.lua | EnemyTypes.lua | GridShapes.lua | Entities\LuaEntity.lua | Entities\WallEntity.lua | Vector.lua | SuperStates.lua
0049_0B5107D9_AB6D5C18.luac,..\..\Image\DontShip\Common\Scripts\\LevelsMobile\HardCore\BulletHell_HC_Mob.lua,LevelsMobile\HardCore\BulletHell_HC_Mob.luac,..\..\Image\DontShip\Common\Scripts\\LevelsMobile\HardCore\BulletHell_HC_Mob.lua | common.lua | EnemyTypes.lua | GridShapes.lua | Entities\LuaEntity.lua | Vector.lua | SuperStates.lua
0050_0B6070B1_64537D31.luac,..\..\Image\DontShip\Common\Scripts\\LevelsMobile\Marathon_Mob.lua,LevelsMobile\Marathon_Mob.luac,..\..\Image\DontShip\Common\Scripts\\LevelsMobile\Marathon_Mob.lua | common.lua | EnemyTypes.lua | Vector.lua | GridShapes.lua | SuperStates.lua
0065_0E328DA4_A91EFD21.luac,..\..\Image\DontShip\Common\Scripts\\Levels\Level4SphereDeadline.lua,Levels\Level4SphereDeadline.luac,..\..\Image\DontShip\Common\Scripts\\Levels\Level4SphereDeadline.lua | common.lua | EnemyTypes.lua | Vector.lua | GridShapes.lua | SuperStates.lua | Entities\LuaEntity.lua
0066_0E686665_A11B6272.luac,..\..\Image\DontShip\Common\Scripts\\Levels\PeanutDreams.lua,Levels\PeanutDreams.luac,..\..\Image\DontShip\Common\Scripts\\Levels\PeanutDreams.lua | common.lua | EnemyTypes.lua | GridShapes.lua | Entities\LuaEntity.lua | Vector.lua | SuperStates.lua
0069_0ED4D5F9_0E26FCBA.luac,..\..\Image\DontShip\Common\Scripts\\LevelsMobile\PaintedCube_Mob.lua,LevelsMobile\PaintedCube_Mob.luac,..\..\Image\DontShip\Common\Scripts\\LevelsMobile\PaintedCube_Mob.lua | common.lua | EnemyTypes.lua | GridShapes.lua | Entities\LuaEntity.lua | Vector.lua | SuperStates.lua
0078_11D4CD81_8143DA8D.luac,..\..\Image\DontShip\Common\Scripts\StandardStockBoss.lua,StandardStockBoss.luac,..\..\Image\DontShip\Common\Scripts\StandardStockBoss.lua | common.lua | EnemyTypes.lua | Vector.lua | GridShapes.lua | Entities\BossEntity.lua
0090_15D4A034_DADE26AD.luac,..\..\Image\DontShip\Common\Scripts\\LevelsDLC1\PlanetOfTheAsps.lua,LevelsDLC1\PlanetOfTheAsps.luac,..\..\Image\DontShip\Common\Scripts\\LevelsDLC1\PlanetOfTheAsps.lua | EnemyTypes.lua | GameModes\SingleLifeMode.lua
0094_1703BEEB_A8EFB4AD.luac,..\..\Image\DontShip\Common\Scripts\\LevelsDLC1\BulletHell.lua,LevelsDLC1\BulletHell.luac,..\..\Image\DontShip\Common\Scripts\\LevelsDLC1\BulletHell.lua | common.lua | EnemyTypes.lua | GridShapes.lua | Entities\LuaEntity.lua | Vector.lua | SuperStates.lua
0111_19CD4255_1084ABA8.luac,..\..\Image\DontShip\Common\Scripts\\LevelsMobile\Credits_Mob.lua,LevelsMobile\Credits_Mob.luac,..\..\Image\DontShip\Common\Scripts\\LevelsMobile\Credits_Mob.lua | common.lua | EnemyTypes.lua | GridShapes.lua | Entities\LuaEntity.lua | Vector.lua | SuperStates.lua
0121_1B32BBF9_94B6A63A.luac,..\..\Image\DontShip\Common\Scripts\\Levels\TheRock.lua,Levels\TheRock.luac,..\..\Image\DontShip\Common\Scripts\\Levels\TheRock.lua | common.lua | EnemyTypes.lua | GridShapes.lua | Vector.lua | SuperStates.lua | GameModes\SingleLifeMode.lua
0122_1B62E668_BAA934C3.luac,..\..\Image\DontShip\Common\Scripts\\LevelsDLC1\KingSphere.lua,LevelsDLC1\KingSphere.luac,..\..\Image\DontShip\Common\Scripts\\LevelsDLC1\KingSphere.lua | common.lua | EnemyTypes.lua | Vector.lua | GridShapes.lua | SuperStates.lua
0124_1BB1919F_47F0F9D3.luac,..\..\Image\DontShip\Common\Scripts\\Levels\Stock.lua,Levels\Stock.luac,..\..\Image\DontShip\Common\Scripts\\Levels\Stock.lua | common.lua | EnemyTypes.lua | Vector.lua | GridShapes.lua | Entities\BossEntity.lua | StandardStockBoss.lua
0126_1C1B32B9_CED31C95.luac,..\..\Image\DontShip\Common\Scripts\\LevelsDLC1\TicTacToe.lua,LevelsDLC1\TicTacToe.luac,..\..\Image\DontShip\Common\Scripts\\LevelsDLC1\TicTacToe.lua | common.lua | EnemyTypes.lua | Vector.lua | GridShapes.lua | SuperStates.lua
0140_1EFCCDC3_B6C914F5.luac,..\..\Image\DontShip\Common\Scripts\\LevelsHC\Marathon_HC.lua,LevelsHC\Marathon_HC.luac,..\..\Image\DontShip\Common\Scripts\\LevelsHC\Marathon_HC.lua | common.lua | EnemyTypes.lua | Vector.lua | GridShapes.lua | SuperStates.lua
0145_200C07E0_BC277DA5.luac,..\..\Image\DontShip\Common\Scripts\\Levels\Repulport.lua,Levels\Repulport.luac,..\..\Image\DontShip\Common\Scripts\\Levels\Repulport.lua | common.lua | EnemyTypes.lua | GridShapes.lua | Entities\WallEntity.lua | Entities\LuaEntity.lua | Vector.lua | SuperStates.lua
0151_2103B9A0_F933A1FD.luac,..\..\Image\DontShip\Common\Scripts\\LevelsMobile\CheckpointHexagon_Mob.lua,LevelsMobile\CheckpointHexagon_Mob.luac,..\..\Image\DontShip\Common\Scripts\\LevelsMobile\CheckpointHexagon_Mob.lua | common.lua | EnemyTypes.lua | Vector.lua | GridShapes.lua | SuperStates.lua
0153_218C6EE2_EACEA531.luac,..\..\Image\DontShip\Common\Scripts\\LevelsMobile\Boss\BossCircle_Mob.lua,LevelsMobile\Boss\BossCircle_Mob.luac,..\..\Image\DontShip\Common\Scripts\\LevelsMobile\Boss\BossCircle_Mob.lua | common.lua | EnemyTypes.lua | GridShapes.lua | Entities\BossEntity.lua | Vector.lua
0154_2196A6FF_13E186F3.luac,..\..\Image\DontShip\Common\Scripts\\LevelsMobile\Ultimate\WaltzerSqueeze_Mob.lua,LevelsMobile\Ultimate\WaltzerSqueeze_Mob.luac,..\..\Image\DontShip\Common\Scripts\\LevelsMobile\Ultimate\WaltzerSqueeze_Mob.lua | common.lua | EnemyTypes.lua | Vector.lua | GridShapes.lua | GameModes\SingleLifeMode.lua | Entities\WallEntity.lua
0159_22BEB5CC_14439D08.luac,..\..\Image\DontShip\Common\Scripts\\LevelsMobile\Ultimate\EvoSphere_Mob.lua,LevelsMobile\Ultimate\EvoSphere_Mob.luac,..\..\Image\DontShip\Common\Scripts\\LevelsMobile\Ultimate\EvoSphere_Mob.lua | EnemyTypes.lua | GameModes\MultiLifeMode.lua | Entities\PlayerChaserSpawner.lua
0162_2387AEF3_83C6D6D0.luac,..\..\Image\DontShip\Common\Scripts\\LevelsMobile\HardCore\NufoFlow_HC_Mob.lua,LevelsMobile\HardCore\NufoFlow_HC_Mob.luac,..\..\Image\DontShip\Common\Scripts\\LevelsMobile\HardCore\NufoFlow_HC_Mob.lua | common.lua | EnemyTypes.lua | GridShapes.lua | Vector.lua | SuperStates.lua
0168_24D9184A_54306FB2.luac,..\..\Image\DontShip\Common\Scripts\\Levels\Stock_CylinderLrg.lua,Levels\Stock_CylinderLrg.luac,..\..\Image\DontShip\Common\Scripts\\Levels\Stock_CylinderLrg.lua | common.lua | EnemyTypes.lua | Vector.lua | GridShapes.lua | Entities\BossEntity.lua | WallStockBoss.lua
0175_25EBC7A3_3DA1E8E1.luac,..\..\Image\DontShip\Common\Scripts\\LevelsMobile\MindTheGap_Mob.lua,LevelsMobile\MindTheGap_Mob.luac,..\..\Image\DontShip\Common\Scripts\\LevelsMobile\MindTheGap_Mob.lua | common.lua | EnemyTypes.lua | GridShapes.lua | Entities\LuaEntity.lua | Entities\WallEntity.lua | Vector.lua | SuperStates.lua
0183_283F320F_83FBEA46.luac,..\..\Image\DontShip\Common\Scripts\\LevelsMobile\Boss\BossHexagon_Mob.lua,LevelsMobile\Boss\BossHexagon_Mob.luac,..\..\Image\DontShip\Common\Scripts\\LevelsMobile\Boss\BossHexagon_Mob.lua | common.lua | EnemyTypes.lua | GridShapes.lua | Entities\BossEntity.lua | Vector.lua | SuperStates.lua
0186_289F16A6_8CE5CB98.luac,..\..\Image\DontShip\Common\Scripts\common.lua,common.luac,..\..\Image\DontShip\Common\Scripts\common.lua
0189_295E3E77_8BD66C0B.luac,..\..\Image\DontShip\Common\Scripts\\LevelsHC\TheRock_HC.lua,LevelsHC\TheRock_HC.luac,..\..\Image\DontShip\Common\Scripts\\LevelsHC\TheRock_HC.lua | common.lua | EnemyTypes.lua | GridShapes.lua | Vector.lua | SuperStates.lua | GameModes\SingleLifeMode.lua
0192_29B2316F_44F70ACE.luac,..\..\Image\DontShip\Common\Scripts\\Levels\Summoner_CubeLrg.lua,Levels\Summoner_CubeLrg.luac,..\..\Image\DontShip\Common\Scripts\\Levels\Summoner_CubeLrg.lua | common.lua | EnemyTypes.lua | Vector.lua | GridShapes.lua | Entities\Beacon.lua
0198_2B0B6812_C453994D.luac,..\..\Image\DontShip\Common\Scripts\\LevelsMobile\KingPond_Mob.lua,LevelsMobile\KingPond_Mob.luac,..\..\Image\DontShip\Common\Scripts\\LevelsMobile\KingPond_Mob.lua | common.lua | EnemyTypes.lua | Vector.lua | GridShapes.lua | SuperStates.lua
0223_2FB1257B_80A8A593.luac,..\..\Image\DontShip\Common\Scripts\\LevelsMobile\HardCore\BossWalls_HC_Mob.lua,LevelsMobile\HardCore\BossWalls_HC_Mob.luac,..\..\Image\DontShip\Common\Scripts\\LevelsMobile\HardCore\BossWalls_HC_Mob.lua | common.lua | EnemyTypes.lua | GridShapes.lua | Entities\BossEntity.lua | Entities\WallEntity.lua | Vector.lua
0229_308F236F_3C35C848.luac,..\..\Image\DontShip\Common\Scripts\\Levels\Summoner_SphereMed.lua,Levels\Summoner_SphereMed.luac,..\..\Image\DontShip\Common\Scripts\\Levels\Summoner_SphereMed.lua | common.lua | EnemyTypes.lua | Vector.lua | GridShapes.lua | Entities\Beacon.lua
0231_314294D7_9EA4DE71.luac,..\..\Image\DontShip\Common\Scripts\\Levels\RetroEvolved.lua,Levels\RetroEvolved.luac,..\..\Image\DontShip\Common\Scripts\\Levels\RetroEvolved.lua | common.lua | EnemyTypes.lua | Vector.lua | GridShapes.lua
0232_31637771_D98308FC.luac,..\..\Image\DontShip\Common\Scripts\\Levels\Stock_PeanutMed.lua,Levels\Stock_PeanutMed.luac,..\..\Image\DontShip\Common\Scripts\\Levels\Stock_PeanutMed.lua | common.lua | EnemyTypes.lua | Vector.lua | GridShapes.lua | Entities\BossEntity.lua | StandardStockBoss.lua
0234_3180FBC1_E6BACB54.luac,..\..\Image\DontShip\Common\Scripts\\LevelsDLC1\BulletLimitSausage.lua,LevelsDLC1\BulletLimitSausage.luac,..\..\Image\DontShip\Common\Scripts\\LevelsDLC1\BulletLimitSausage.lua | common.lua | EnemyTypes.lua | GridShapes.lua | Entities\LuaEntity.lua | Vector.lua
0240_31DDD464_DC3118F2.luac,..\..\Image\DontShip\Common\Scripts\\LevelsHC\Deadline_Endurance_HC.lua,LevelsHC\Deadline_Endurance_HC.luac,..\..\Image\DontShip\Common\Scripts\\LevelsHC\Deadline_Endurance_HC.lua | common.lua | EnemyTypes.lua | GridShapes.lua | Entities\LuaEntity.lua | Vector.lua | SuperStates.lua
0243_32628A8A_2DB6238C.luac,..\..\Image\DontShip\Common\Scripts\\LevelsMobile\Ultimate\PrecisionPlane_Mob.lua,LevelsMobile\Ultimate\PrecisionPlane_Mob.luac,..\..\Image\DontShip\Common\Scripts\\LevelsMobile\Ultimate\PrecisionPlane_Mob.lua | common.lua | EnemyTypes.lua | Vector.lua | GridShapes.lua | SuperStates.lua
0245_3343C124_0284DFFD.luac,..\..\Image\DontShip\Common\Scripts\\LevelsMobile\DeadPlanet_Mob.lua,LevelsMobile\DeadPlanet_Mob.luac,..\..\Image\DontShip\Common\Scripts\\LevelsMobile\DeadPlanet_Mob.lua | common.lua | EnemyTypes.lua | Vector.lua | GridShapes.lua | SuperStates.lua | Entities\LuaEntity.lua
0246_33884D3F_DB7402AA.luac,..\..\Image\DontShip\Common\Scripts\\LevelsDLC1\ScorpionWitchesHat.lua,LevelsDLC1\ScorpionWitchesHat.luac,..\..\Image\DontShip\Common\Scripts\\LevelsDLC1\ScorpionWitchesHat.lua | common.lua | EnemyTypes.lua | Vector.lua | GridShapes.lua | GameModes\PacifismMode.lua
0254_36493A33_C9538803.luac,..\..\Image\DontShip\Common\Scripts\\LevelsDLC1\TitanDiamond.lua,LevelsDLC1\TitanDiamond.luac,..\..\Image\DontShip\Common\Scripts\\LevelsDLC1\TitanDiamond.lua | common.lua | EnemyTypes.lua | Vector.lua | GridShapes.lua | SuperStates.lua
0256_369C70EE_F104E5C8.luac,..\..\Image\DontShip\Common\Scripts\\LevelsMobile\Deflektor_Mob.lua,LevelsMobile\Deflektor_Mob.luac,..\..\Image\DontShip\Common\Scripts\\LevelsMobile\Deflektor_Mob.lua | common.lua | EnemyTypes.lua | Vector.lua | GridShapes.lua | SuperStates.lua
0258_371EEE7D_D4CEE94B.luac,..\..\Image\DontShip\Common\Scripts\\LevelsDLC1\SpawnersDome.lua,LevelsDLC1\SpawnersDome.luac,..\..\Image\DontShip\Common\Scripts\\LevelsDLC1\SpawnersDome.lua | common.lua | EnemyTypes.lua | GridShapes.lua | SuperStates.lua | Vector.lua
0261_373A6ED5_709D08F9.luac,..\..\Image\DontShip\Common\Scripts\UnleashCommon.lua,UnleashCommon.luac,..\..\Image\DontShip\Common\Scripts\UnleashCommon.lua | common.lua | EnemyTypes.lua
0266_37C90D2A_B72DF8C5.luac,..\..\Image\DontShip\Common\Scripts\\Levels\BossStock.lua,Levels\BossStock.luac,..\..\Image\DontShip\Common\Scripts\\Levels\BossStock.lua | WallStockBoss.lua
0267_37DD009D_DFBCEED5.luac,..\..\Image\DontShip\Common\Scripts\\LevelsMobile\PaintedPeanut_Mob.lua,LevelsMobile\PaintedPeanut_Mob.luac,..\..\Image\DontShip\Common\Scripts\\LevelsMobile\PaintedPeanut_Mob.lua | common.lua | EnemyTypes.lua | GridShapes.lua | Entities\LuaEntity.lua | Vector.lua | SuperStates.lua
0269_38738ABA_59F56700.luac,..\..\Image\DontShip\Common\Scripts\\LevelsMobile\InfectedKing_Mob.lua,LevelsMobile\InfectedKing_Mob.luac,..\..\Image\DontShip\Common\Scripts\\LevelsMobile\InfectedKing_Mob.lua | common.lua | EnemyTypes.lua | Vector.lua | GridShapes.lua | SuperStates.lua
0277_39D77563_7A70F3FA.luac,..\..\Image\DontShip\Common\Scripts\\LevelsMobile\NufoFlow_Mob.lua,LevelsMobile\NufoFlow_Mob.luac,..\..\Image\DontShip\Common\Scripts\\LevelsMobile\NufoFlow_Mob.lua | common.lua | EnemyTypes.lua | GridShapes.lua | Vector.lua | SuperStates.lua
0281_3AD34329_DE909A52.luac,..\..\Image\DontShip\Common\Scripts\\LevelsMobile\Ultimate\FlappyWars_Mob.lua,LevelsMobile\Ultimate\FlappyWars_Mob.luac,..\..\Image\DontShip\Common\Scripts\\LevelsMobile\Ultimate\FlappyWars_Mob.lua | common.lua | EnemyTypes.lua | Vector.lua | GridShapes.lua | GameModes\SingleLifeMode.lua | Entities\WallEntity.lua
0283_3B349866_BA4731C9.luac,..\..\Image\DontShip\Common\Scripts\\Levels\Credits.lua,Levels\Credits.luac,..\..\Image\DontShip\Common\Scripts\\Levels\Credits.lua | common.lua | EnemyTypes.lua | GridShapes.lua | Entities\LuaEntity.lua | Vector.lua | SuperStates.lua
0290_3CD9E655_84C4FB35.luac,..\..\Image\DontShip\Common\Scripts\\Levels\Level3DomeSuperState.lua,Levels\Level3DomeSuperState.luac,..\..\Image\DontShip\Common\Scripts\\Levels\Level3DomeSuperState.lua | common.lua | EnemyTypes.lua | Vector.lua | GridShapes.lua | SuperStates.lua
0292_3D31794F_FB321A2A.luac,..\..\Image\DontShip\Common\Scripts\SuperStates.lua,SuperStates.luac,..\..\Image\DontShip\Common\Scripts\SuperStates.lua
0300_3E0AEBE3_C7365874.luac,..\..\Image\DontShip\Common\Scripts\\LevelsDLC1\WaltzerSqueeze.lua,LevelsDLC1\WaltzerSqueeze.luac,..\..\Image\DontShip\Common\Scripts\\LevelsDLC1\WaltzerSqueeze.lua | common.lua | EnemyTypes.lua | Vector.lua | GridShapes.lua | GameModes\SingleLifeMode.lua | Entities\WallEntity.lua
0302_3EEA6738_5848BA9C.luac,..\..\Image\DontShip\Common\Scripts\Vector.lua,Vector.luac,..\..\Image\DontShip\Common\Scripts\Vector.lua
0304_3F1017CA_00063665.luac,..\..\Image\DontShip\Common\Scripts\\LevelsMobile\Classic\RetroRemake_Mob.lua,LevelsMobile\Classic\RetroRemake_Mob.luac,..\..\Image\DontShip\Common\Scripts\\LevelsMobile\Classic\RetroRemake_Mob.lua | common.lua | EnemyTypes.lua | Vector.lua | GridShapes.lua
0315_420F9C04_F2FCDC2E.luac,..\..\Image\DontShip\Common\Scripts\\LevelsDLC1\BossCubeSquared.lua,LevelsDLC1\BossCubeSquared.luac,..\..\Image\DontShip\Common\Scripts\\LevelsDLC1\BossCubeSquared.lua | common.lua | EnemyTypes.lua | GridShapes.lua | Entities\BossEntity.lua | Vector.lua | SuperStates.lua
0317_4296E1DE_E9408C04.luac,..\..\Image\DontShip\Common\Scripts\\LevelsMobile\Ultimate\TitanTwisted_Mob.lua,LevelsMobile\Ultimate\TitanTwisted_Mob.luac,..\..\Image\DontShip\Common\Scripts\\LevelsMobile\Ultimate\TitanTwisted_Mob.lua | common.lua | EnemyTypes.lua | Vector.lua | GridShapes.lua | SuperStates.lua
0318_42C2D720_C313E50C.luac,..\..\Image\DontShip\Common\Scripts\\Levels\Level2BasicShooting_Mobile.lua,Levels\Level2BasicShooting_Mobile.luac,..\..\Image\DontShip\Common\Scripts\\Levels\Level2BasicShooting_Mobile.lua | common.lua | EnemyTypes.lua | Vector.lua | GridShapes.lua | SuperStates.lua | Entities\LuaEntity.lua
0321_43518039_FDD32E3B.luac,..\..\Image\DontShip\Common\Scripts\\LevelsMobile\Boss\BossSphere_Mob.lua,LevelsMobile\Boss\BossSphere_Mob.luac,..\..\Image\DontShip\Common\Scripts\\LevelsMobile\Boss\BossSphere_Mob.lua | common.lua | EnemyTypes.lua | GridShapes.lua | Entities\BossEntity.lua | Vector.lua | SuperStates.lua
0329_4482C1AF_F303B76D.luac,..\..\Image\DontShip\Common\Scripts\\LevelsMobile\CheckpointRockSphere_Mob.lua,LevelsMobile\CheckpointRockSphere_Mob.luac,..\..\Image\DontShip\Common\Scripts\\LevelsMobile\CheckpointRockSphere_Mob.lua | common.lua | EnemyTypes.lua | GridShapes.lua | Entities\LuaEntity.lua | Vector.lua | SuperStates.lua
0331_44DC9832_AA7A5D74.luac,..\..\Image\DontShip\Common\Scripts\\Levels\BL_TwistedPlane.lua,Levels\BL_TwistedPlane.luac,..\..\Image\DontShip\Common\Scripts\\Levels\BL_TwistedPlane.lua | common.lua | EnemyTypes.lua | GridShapes.lua | Entities\LuaEntity.lua | Vector.lua
0333_4557B6D8_C0E84C76.luac,..\..\Image\DontShip\Common\Scripts\\Levels\InfectedPlanet.lua,Levels\InfectedPlanet.luac,..\..\Image\DontShip\Common\Scripts\\Levels\InfectedPlanet.lua | common.lua | EnemyTypes.lua | GridShapes.lua | Entities\LuaEntity.lua | Vector.lua | SuperStates.lua
0334_455F8C0D_3FD761A1.luac,..\..\Image\DontShip\Common\Scripts\\LevelsMobile\HardCore\BarrellRoll_HC_Mob.lua,LevelsMobile\HardCore\BarrellRoll_HC_Mob.luac,..\..\Image\DontShip\Common\Scripts\\LevelsMobile\HardCore\BarrellRoll_HC_Mob.lua | common.lua | EnemyTypes.lua | Vector.lua | GridShapes.lua | Entities\WallEntity.lua | SuperStates.lua
0342_46AA7E0A_FCC0AEFE.luac,..\..\Image\DontShip\Common\Scripts\\Levels\CheckpointRockSphere.lua,Levels\CheckpointRockSphere.luac,..\..\Image\DontShip\Common\Scripts\\Levels\CheckpointRockSphere.lua | common.lua | EnemyTypes.lua | GridShapes.lua | Entities\LuaEntity.lua | Vector.lua | SuperStates.lua
0344_46DE5624_2478CFBE.luac,..\..\Image\DontShip\Common\Scripts\\LevelsMobile\Classic\Deadline_Mob.lua,LevelsMobile\Classic\Deadline_Mob.luac,..\..\Image\DontShip\Common\Scripts\\LevelsMobile\Classic\Deadline_Mob.lua | common.lua | EnemyTypes.lua | Vector.lua | GridShapes.lua
0348_48A3BFD3_9D494E6D.luac,..\..\Image\DontShip\Common\Scripts\\Levels\SuperstateTest.lua,Levels\SuperstateTest.luac,..\..\Image\DontShip\Common\Scripts\\Levels\SuperstateTest.lua | common.lua | EnemyTypes.lua | Vector.lua | GridShapes.lua | SuperStates.lua
0351_491A61A0_3E28A9FC.luac,..\..\Image\DontShip\Common\Scripts\\Levels\Stock_DomeMed.lua,Levels\Stock_DomeMed.luac,..\..\Image\DontShip\Common\Scripts\\Levels\Stock_DomeMed.lua | common.lua | EnemyTypes.lua | Vector.lua | GridShapes.lua | Entities\BossEntity.lua | StandardStockBoss.lua
0354_4A8FB94B_06D80FA9.luac,..\..\Image\DontShip\Common\Scripts\\LevelsDLC1\DeadlineFiveMins.lua,LevelsDLC1\DeadlineFiveMins.luac,..\..\Image\DontShip\Common\Scripts\\LevelsDLC1\DeadlineFiveMins.lua | common.lua | EnemyTypes.lua | GridShapes.lua | Entities\LuaEntity.lua | Vector.lua | SuperStates.lua | Entities\WallEntity.lua
0359_4BE76D82_88649E80.luac,..\..\Image\DontShip\Common\Scripts\\GameModes\DeadlineMode.lua,GameModes\DeadlineMode.luac,..\..\Image\DontShip\Common\Scripts\\GameModes\DeadlineMode.lua | common.lua | GridShapes.lua | SuperStates.lua
0364_4C5D883C_7ED89530.luac,..\..\Image\DontShip\Common\Scripts\\LevelsMobile\Ultimate\AndyTest_Mob.lua,LevelsMobile\Ultimate\AndyTest_Mob.luac,..\..\Image\DontShip\Common\Scripts\\LevelsMobile\Ultimate\AndyTest_Mob.lua | common.lua | EnemyTypes.lua | GridShapes.lua | Entities\BossEntity.lua | Vector.lua | SuperStates.lua
0366_4CE98BF3_983E5195.luac,..\..\Image\DontShip\Common\Scripts\\Levels\BossCircle.lua,Levels\BossCircle.luac,..\..\Image\DontShip\Common\Scripts\\Levels\BossCircle.lua | common.lua | EnemyTypes.lua | GridShapes.lua | Entities\BossEntity.lua | Vector.lua
0367_4CEE7DF2_4A8330C4.luac,..\..\Image\DontShip\Common\Scripts\\LevelsDLC1\BossOctogan.lua,LevelsDLC1\BossOctogan.luac,..\..\Image\DontShip\Common\Scripts\\LevelsDLC1\BossOctogan.lua | common.lua | EnemyTypes.lua | GridShapes.lua | Entities\BossEntity.lua | Vector.lua | SuperStates.lua | Entities\WallEntity.lua
0370_4D437608_12BF3A78.luac,..\..\Image\DontShip\Common\Scripts\\Levels\Level5VeryEasyBoss.lua,Levels\Level5VeryEasyBoss.luac,..\..\Image\DontShip\Common\Scripts\\Levels\Level5VeryEasyBoss.lua | common.lua | EnemyTypes.lua | GridShapes.lua | Entities\BossEntity.lua | Vector.lua | SuperStates.lua
0372_4D6A41BD_F1B7ED19.luac,..\..\Image\DontShip\Common\Scripts\\Levels\Level1BasicMovement.lua,Levels\Level1BasicMovement.luac,..\..\Image\DontShip\Common\Scripts\\Levels\Level1BasicMovement.lua | common.lua | EnemyTypes.lua | Vector.lua | GridShapes.lua
0374_4E234C43_B933BD15.luac,..\..\Image\DontShip\Common\Scripts\\Levels\Summoner_PeanutMed.lua,Levels\Summoner_PeanutMed.luac,..\..\Image\DontShip\Common\Scripts\\Levels\Summoner_PeanutMed.lua | common.lua | EnemyTypes.lua | Vector.lua | GridShapes.lua | Entities\Beacon.lua
0378_4E85A1E2_D50CDF0A.luac,..\..\Image\DontShip\Common\Scripts\\Levels\PBonus01.lua,Levels\PBonus01.luac,..\..\Image\DontShip\Common\Scripts\\Levels\PBonus01.lua | common.lua | EnemyTypes.lua | Vector.lua | GridShapes.lua | SuperStates.lua
0384_5072AEF1_34B5895D.luac,..\..\Image\DontShip\Common\Scripts\\LevelsDLC1\PaintedTwistedPlane.lua,LevelsDLC1\PaintedTwistedPlane.luac,..\..\Image\DontShip\Common\Scripts\\LevelsDLC1\PaintedTwistedPlane.lua | common.lua | EnemyTypes.lua | GridShapes.lua | Entities\LuaEntity.lua | Vector.lua | SuperStates.lua
0386_50CD73FC_CB4C79F1.luac,..\..\Image\DontShip\Common\Scripts\\Levels\CompactorCylinder.lua,Levels\CompactorCylinder.luac,..\..\Image\DontShip\Common\Scripts\\Levels\CompactorCylinder.lua | common.lua | EnemyTypes.lua | Vector.lua | GridShapes.lua | Entities\WallEntity.lua | SuperStates.lua
0388_50FE96A7_595B26A7.luac,..\..\Image\DontShip\Common\Scripts\\Levels\BossCube.lua,Levels\BossCube.luac,..\..\Image\DontShip\Common\Scripts\\Levels\BossCube.lua | common.lua | EnemyTypes.lua | GridShapes.lua | Entities\BossEntity.lua | Vector.lua | SuperStates.lua
0400_5454E2D1_AA165ECD.luac,..\..\Image\DontShip\Common\Scripts\\LevelsMobile\BarrelRoll_Mob.lua,LevelsMobile\BarrelRoll_Mob.luac,..\..\Image\DontShip\Common\Scripts\\LevelsMobile\BarrelRoll_Mob.lua | common.lua | EnemyTypes.lua | Vector.lua | GridShapes.lua | Entities\WallEntity.lua | SuperStates.lua
0401_54AEA56D_2F8692C7.luac,..\..\Image\DontShip\Common\Scripts\\LevelsDLC1\Matador.lua,LevelsDLC1\Matador.luac,..\..\Image\DontShip\Common\Scripts\\LevelsDLC1\Matador.lua | common.lua | EnemyTypes.lua | Vector.lua | GridShapes.lua | GameModes\PacifismMode.lua
0413_579D5BDC_3D22E637.luac,..\..\Image\DontShip\Common\Scripts\\LevelsHC\BulletHell_HC.lua,LevelsHC\BulletHell_HC.luac,..\..\Image\DontShip\Common\Scripts\\LevelsHC\BulletHell_HC.lua | common.lua | EnemyTypes.lua | GridShapes.lua | Entities\LuaEntity.lua | Vector.lua | SuperStates.lua
0417_584DF770_7FD0A636.luac,..\..\Image\DontShip\Common\Scripts\\LevelsDLC1\BulletSqueeze.lua,LevelsDLC1\BulletSqueeze.luac,..\..\Image\DontShip\Common\Scripts\\LevelsDLC1\BulletSqueeze.lua | common.lua | EnemyTypes.lua | Vector.lua | GridShapes.lua | Entities\WallEntity.lua | SuperStates.lua
0419_588EBE3A_EDE9EA34.luac,..\..\Image\DontShip\Common\Scripts\\Levels\Deadline_Split_Sphere.lua,Levels\Deadline_Split_Sphere.luac,..\..\Image\DontShip\Common\Scripts\\Levels\Deadline_Split_Sphere.lua | common.lua | EnemyTypes.lua | Vector.lua | GridShapes.lua | SuperStates.lua | Entities\LuaEntity.lua
0421_58D1EF41_6B9A2864.luac,..\..\Image\DontShip\Common\Scripts\\GameModes\SingleLifeMode.lua,GameModes\SingleLifeMode.luac,..\..\Image\DontShip\Common\Scripts\\GameModes\SingleLifeMode.lua | common.lua | GridShapes.lua | SuperStates.lua
0427_5B2EC1A8_4FAAF693.luac,..\..\Image\DontShip\Common\Scripts\\LevelsMobile\Ultimate\PacifismSphereCity_Mob.lua,LevelsMobile\Ultimate\PacifismSphereCity_Mob.luac,..\..\Image\DontShip\Common\Scripts\\LevelsMobile\Ultimate\PacifismSphereCity_Mob.lua | common.lua | EnemyTypes.lua | Vector.lua | GridShapes.lua | Entities\WallEntity.lua | SuperStates.lua
0431_5BA334D2_64EB25FD.luac,..\..\Image\DontShip\Common\Scripts\\LevelsMobile\DomeOfDoom_Mob.lua,LevelsMobile\DomeOfDoom_Mob.luac,..\..\Image\DontShip\Common\Scripts\\LevelsMobile\DomeOfDoom_Mob.lua | common.lua | EnemyTypes.lua | Vector.lua | GridShapes.lua | SuperStates.lua | Entities\PlayerChaserSpawner.lua
0443_5EE4157D_CA837D9D.luac,..\..\Image\DontShip\Common\Scripts\\LevelsMobile\RunFamily_Mob.lua,LevelsMobile\RunFamily_Mob.luac,..\..\Image\DontShip\Common\Scripts\\LevelsMobile\RunFamily_Mob.lua | common.lua | EnemyTypes.lua | GridShapes.lua | Entities\LuaEntity.lua | Vector.lua | SuperStates.lua
0448_5F977770_1B1E7BAA.luac,..\..\Image\DontShip\Common\Scripts\\LevelsMobile\Ultimate\TicTacToe_Mob.lua,LevelsMobile\Ultimate\TicTacToe_Mob.luac,..\..\Image\DontShip\Common\Scripts\\LevelsMobile\Ultimate\TicTacToe_Mob.lua | common.lua | EnemyTypes.lua | Vector.lua | GridShapes.lua | SuperStates.lua
0451_5FFBAA4B_E7976F75.luac,..\..\Image\DontShip\Common\Scripts\\LevelsMobile\Ultimate\MutantCraig_Mob.lua,LevelsMobile\Ultimate\MutantCraig_Mob.luac,..\..\Image\DontShip\Common\Scripts\\LevelsMobile\Ultimate\MutantCraig_Mob.lua | common.lua | EnemyTypes.lua | GridShapes.lua | Entities\LuaEntity.lua | Vector.lua | SuperStates.lua
0453_60916568_FE9AB839.luac,..\..\Image\DontShip\Common\Scripts\\Levels\CheckpointCube.lua,Levels\CheckpointCube.luac,..\..\Image\DontShip\Common\Scripts\\Levels\CheckpointCube.lua | common.lua | EnemyTypes.lua | GridShapes.lua | Entities\LuaEntity.lua | Vector.lua | SuperStates.lua
0460_62415F4C_F260919B.luac,..\..\Image\DontShip\Common\Scripts\\LevelsMobile\HardCore\Waltzer_HC_Mob.lua,LevelsMobile\HardCore\Waltzer_HC_Mob.luac,..\..\Image\DontShip\Common\Scripts\\LevelsMobile\HardCore\Waltzer_HC_Mob.lua | common.lua | EnemyTypes.lua | Vector.lua | GridShapes.lua | GameModes\SingleLifeMode.lua | Entities\WallEntity.lua
0462_626E6725_44B985A7.luac,..\..\Image\DontShip\Common\Scripts\\LevelsMobile\Ultimate\SweepHard_Mob.lua,LevelsMobile\Ultimate\SweepHard_Mob.luac,..\..\Image\DontShip\Common\Scripts\\LevelsMobile\Ultimate\SweepHard_Mob.lua | common.lua | EnemyTypes.lua | Vector.lua | GridShapes.lua | SuperStates.lua | Entities\WallEntity.lua
0465_631892EA_54912006.luac,..\..\Image\DontShip\Common\Scripts\\LevelsDLC1\TheRockSmash.lua,LevelsDLC1\TheRockSmash.luac,..\..\Image\DontShip\Common\Scripts\\LevelsDLC1\TheRockSmash.lua | common.lua | EnemyTypes.lua | GridShapes.lua | Vector.lua | SuperStates.lua | GameModes\SingleLifeMode.lua
0470_63EE9CBE_AD6D5F40.luac,..\..\Image\DontShip\Common\Scripts\\Entities\Beacon.lua,Entities\Beacon.luac,..\..\Image\DontShip\Common\Scripts\\Entities\Beacon.lua
0471_6419C904_D9BDF40F.luac,..\..\Image\DontShip\Common\Scripts\\LevelsDLC1\SatelliteTV.lua,LevelsDLC1\SatelliteTV.luac,..\..\Image\DontShip\Common\Scripts\\LevelsDLC1\SatelliteTV.lua | common.lua | EnemyTypes.lua | Vector.lua | GridShapes.lua | SuperStates.lua
0481_66515B5D_2A63FACB.luac,..\..\Image\DontShip\Common\Scripts\test.lua,test.luac,..\..\Image\DontShip\Common\Scripts\test.lua
0484_6697A40D_50869066.luac,..\..\Image\DontShip\Common\Scripts\\LevelsMobile\BloodCount_Mob.lua,LevelsMobile\BloodCount_Mob.luac,..\..\Image\DontShip\Common\Scripts\\LevelsMobile\BloodCount_Mob.lua | common.lua | EnemyTypes.lua | Vector.lua | GridShapes.lua | SuperStates.lua
0492_67F7DE53_2FFCD24A.luac,..\..\Image\DontShip\Common\Scripts\\Levels\CoopInfected.lua,Levels\CoopInfected.luac,..\..\Image\DontShip\Common\Scripts\\Levels\CoopInfected.lua | common.lua | EnemyTypes.lua | GridShapes.lua | Entities\LuaEntity.lua | Vector.lua | SuperStates.lua
0496_684CD63D_2A0647E1.luac,..\..\Image\DontShip\Common\Scripts\\LevelsMobile\Ultimate\BulletLimitSausage_Mob.lua,LevelsMobile\Ultimate\BulletLimitSausage_Mob.luac,..\..\Image\DontShip\Common\Scripts\\LevelsMobile\Ultimate\BulletLimitSausage_Mob.lua | common.lua | EnemyTypes.lua | GridShapes.lua | Entities\LuaEntity.lua | Vector.lua
0503_6991E8B1_3F0BC53F.luac,..\..\Image\DontShip\Common\Scripts\\LevelsMobile\Ultimate\CheckpointHexagonHard_Mob.lua,LevelsMobile\Ultimate\CheckpointHexagonHard_Mob.luac,..\..\Image\DontShip\Common\Scripts\\LevelsMobile\Ultimate\CheckpointHexagonHard_Mob.lua | common.lua | EnemyTypes.lua | Vector.lua | GridShapes.lua | SuperStates.lua | Entities\WallEntity.lua
0504_69C18089_D3566FF8.luac,..\..\Image\DontShip\Common\Scripts\\LevelsMobile\HardCore\PeanutDreams_HC_Mob.lua,LevelsMobile\HardCore\PeanutDreams_HC_Mob.luac,..\..\Image\DontShip\Common\Scripts\\LevelsMobile\HardCore\PeanutDreams_HC_Mob.lua | common.lua | EnemyTypes.lua | GridShapes.lua | Entities\LuaEntity.lua | Vector.lua | SuperStates.lua
0506_6A1E6E62_D4820970.luac,..\..\Image\DontShip\Common\Scripts\\LevelsMobile\Infected_Mob.lua,LevelsMobile\Infected_Mob.luac,..\..\Image\DontShip\Common\Scripts\\LevelsMobile\Infected_Mob.lua | common.lua | EnemyTypes.lua | GridShapes.lua | Entities\LuaEntity.lua | Vector.lua | SuperStates.lua
0514_6C14F52E_CB5D9052.luac,..\..\Image\DontShip\Common\Scripts\\LevelsMobile\SecretEye_Mob.lua,LevelsMobile\SecretEye_Mob.luac,..\..\Image\DontShip\Common\Scripts\\LevelsMobile\SecretEye_Mob.lua | common.lua | EnemyTypes.lua | Vector.lua | GridShapes.lua | Entities\WallEntity.lua | SuperStates.lua
0517_6CC0C852_DA2CD9A1.luac,..\..\Image\DontShip\Common\Scripts\\LevelsDLC1\ScorpionSphere.lua,LevelsDLC1\ScorpionSphere.luac,..\..\Image\DontShip\Common\Scripts\\LevelsDLC1\ScorpionSphere.lua | common.lua | EnemyTypes.lua | Vector.lua | GridShapes.lua | GameModes\PacifismMode.lua
0521_6D2420D2_479B77E3.luac,..\..\Image\DontShip\Common\Scripts\TestScript.lua,TestScript.luac,..\..\Image\DontShip\Common\Scripts\TestScript.lua | common.lua
0525_6E292774_A2FBC66F.luac,..\..\Image\DontShip\Common\Scripts\\Levels\SecretLevelSnakesOnAPlane.lua,Levels\SecretLevelSnakesOnAPlane.luac,..\..\Image\DontShip\Common\Scripts\\Levels\SecretLevelSnakesOnAPlane.lua | common.lua | EnemyTypes.lua | Vector.lua | GridShapes.lua
0527_6E37F2F6_5936FF55.luac,..\..\Image\DontShip\Common\Scripts\\LevelsMobile\Ultimate\BulletHell_Mob.lua,LevelsMobile\Ultimate\BulletHell_Mob.luac,..\..\Image\DontShip\Common\Scripts\\LevelsMobile\Ultimate\BulletHell_Mob.lua | common.lua | EnemyTypes.lua | GridShapes.lua | Entities\LuaEntity.lua | Vector.lua | SuperStates.lua
0529_6F4EBE18_A5AC4FBF.luac,..\..\Image\DontShip\Common\Scripts\\LevelsHC\PianolaRoller_HC.lua,LevelsHC\PianolaRoller_HC.luac,..\..\Image\DontShip\Common\Scripts\\LevelsHC\PianolaRoller_HC.lua | common.lua | EnemyTypes.lua | Vector.lua | GridShapes.lua | Entities\WallEntity.lua | SuperStates.lua
0533_7010E994_A1CD0EB2.luac,..\..\Image\DontShip\Common\Scripts\\Levels\Stock_CubeLrg.lua,Levels\Stock_CubeLrg.luac,..\..\Image\DontShip\Common\Scripts\\Levels\Stock_CubeLrg.lua | common.lua | EnemyTypes.lua | Vector.lua | GridShapes.lua | Entities\BossEntity.lua | WallStockBoss.lua
0538_709ADCF9_FE27C3D7.luac,..\..\Image\DontShip\Common\Scripts\\LevelsMobile\CheckpointMaze_Mob.lua,LevelsMobile\CheckpointMaze_Mob.luac,..\..\Image\DontShip\Common\Scripts\\LevelsMobile\CheckpointMaze_Mob.lua | common.lua | EnemyTypes.lua | GridShapes.lua | Entities\LuaEntity.lua | Vector.lua | SuperStates.lua
0543_713242D7_072C47CA.luac,..\..\Image\DontShip\Common\Scripts\\Levels\CheckpointHexagon.lua,Levels\CheckpointHexagon.luac,..\..\Image\DontShip\Common\Scripts\\Levels\CheckpointHexagon.lua | common.lua | EnemyTypes.lua | Vector.lua | GridShapes.lua | SuperStates.lua
0544_7195FCEF_51DCE056.luac,..\..\Image\DontShip\Common\Scripts\\LevelsHC\NufoFlow_HC.lua,LevelsHC\NufoFlow_HC.luac,..\..\Image\DontShip\Common\Scripts\\LevelsHC\NufoFlow_HC.lua | common.lua | EnemyTypes.lua | GridShapes.lua | Vector.lua | SuperStates.lua
0546_71B56DBA_42C52BA1.luac,..\..\Image\DontShip\Common\Scripts\\Levels\Deflektor.lua,Levels\Deflektor.luac,..\..\Image\DontShip\Common\Scripts\\Levels\Deflektor.lua | common.lua | EnemyTypes.lua | Vector.lua | GridShapes.lua | SuperStates.lua
0549_71DCB782_20683FB7.luac,..\..\Image\DontShip\Common\Scripts\\LevelsMobile\SausageKingofChicago_Mob.lua,LevelsMobile\SausageKingofChicago_Mob.luac,..\..\Image\DontShip\Common\Scripts\\LevelsMobile\SausageKingofChicago_Mob.lua | common.lua | EnemyTypes.lua | GridShapes.lua | Entities\LuaEntity.lua | Vector.lua | SuperStates.lua
0562_744565B2_30AA71CA.luac,..\..\Image\DontShip\Common\Scripts\\LevelsMobile\Ultimate\Scorpion_Mob.lua,LevelsMobile\Ultimate\Scorpion_Mob.luac,..\..\Image\DontShip\Common\Scripts\\LevelsMobile\Ultimate\Scorpion_Mob.lua | common.lua | EnemyTypes.lua | Vector.lua | GridShapes.lua | GameModes\PacifismMode.lua
0563_744FBA12_ED8CE936.luac,..\..\Image\DontShip\Common\Scripts\\LevelsMobile\TrashCompactor_Mob.lua,LevelsMobile\TrashCompactor_Mob.luac,..\..\Image\DontShip\Common\Scripts\\LevelsMobile\TrashCompactor_Mob.lua | common.lua | EnemyTypes.lua | Vector.lua | GridShapes.lua | Entities\WallEntity.lua | SuperStates.lua
0564_74A70ED1_54C52B85.luac,..\..\Image\DontShip\Common\Scripts\\LevelsMobile\Ultimate\DeadlineCylinderRing70_Mob.lua,LevelsMobile\Ultimate\DeadlineCylinderRing70_Mob.luac,..\..\Image\DontShip\Common\Scripts\\LevelsMobile\Ultimate\DeadlineCylinderRing70_Mob.lua | common.lua | EnemyTypes.lua | GridShapes.lua | Entities\LuaEntity.lua | Vector.lua | SuperStates.lua
0568_753D83D2_B74D5799.luac,..\..\Image\DontShip\Common\Scripts\\LevelsMobile\Boss\BossSausage_Mob.lua,LevelsMobile\Boss\BossSausage_Mob.luac,..\..\Image\DontShip\Common\Scripts\\LevelsMobile\Boss\BossSausage_Mob.lua | common.lua | EnemyTypes.lua | GridShapes.lua | Entities\BossEntity.lua | Vector.lua | SuperStates.lua
0578_76DFF8B0_894DA7BC.luac,..\..\Image\DontShip\Common\Scripts\\LevelsHC\Waltzer_HC.lua,LevelsHC\Waltzer_HC.luac,..\..\Image\DontShip\Common\Scripts\\LevelsHC\Waltzer_HC.lua | common.lua | EnemyTypes.lua | Vector.lua | GridShapes.lua | GameModes\SingleLifeMode.lua | Entities\WallEntity.lua
0582_77787575_DB2AB5C8.luac,..\..\Image\DontShip\Common\Scripts\\Levels\Deadline_Endurance.lua,Levels\Deadline_Endurance.luac,..\..\Image\DontShip\Common\Scripts\\Levels\Deadline_Endurance.lua | common.lua | EnemyTypes.lua | GridShapes.lua | Entities\LuaEntity.lua | Vector.lua | SuperStates.lua
0585_78A2DA5F_6A59B1D2.luac,..\..\Image\DontShip\Common\Scripts\\Levels\Summoner_CylinderLrg.lua,Levels\Summoner_CylinderLrg.luac,..\..\Image\DontShip\Common\Scripts\\Levels\Summoner_CylinderLrg.lua | common.lua | EnemyTypes.lua | Vector.lua | GridShapes.lua | Entities\Beacon.lua
0587_78AD8E82_453BED55.luac,..\..\Image\DontShip\Common\Scripts\\Levels\Infected.lua,Levels\Infected.luac,..\..\Image\DontShip\Common\Scripts\\Levels\Infected.lua | common.lua | EnemyTypes.lua | GridShapes.lua | Entities\LuaEntity.lua | Vector.lua | SuperStates.lua
0588_78DB8726_E4492866.luac,..\..\Image\DontShip\Common\Scripts\\Levels\TitanSausage.lua,Levels\TitanSausage.luac,..\..\Image\DontShip\Common\Scripts\\Levels\TitanSausage.lua | common.lua | EnemyTypes.lua | Vector.lua | GridShapes.lua | SuperStates.lua
0595_7AE1A2FC_165A5709.luac,..\..\Image\DontShip\Common\Scripts\\Levels\PacifismSphere.lua,Levels\PacifismSphere.luac,..\..\Image\DontShip\Common\Scripts\\Levels\PacifismSphere.lua | common.lua | EnemyTypes.lua | Vector.lua | GridShapes.lua
0599_7B3D79FF_AE6A9F17.luac,..\..\Image\DontShip\Common\Scripts\\LevelsMobile\HardCore\LoveDuck_HC_Mob.lua,LevelsMobile\HardCore\LoveDuck_HC_Mob.luac,..\..\Image\DontShip\Common\Scripts\\LevelsMobile\HardCore\LoveDuck_HC_Mob.lua | common.lua | EnemyTypes.lua | Vector.lua | GridShapes.lua | SuperStates.lua
0600_7BAD59A6_95C637ED.luac,..\..\Image\DontShip\Common\Scripts\\LevelsMobile\Ultimate\StockedUp_Mob.lua,LevelsMobile\Ultimate\StockedUp_Mob.luac,..\..\Image\DontShip\Common\Scripts\\LevelsMobile\Ultimate\StockedUp_Mob.lua | common.lua | EnemyTypes.lua | Vector.lua | GridShapes.lua | SuperStates.lua
0601_7BF07A8E_2B7F2BDC.luac,..\..\Image\DontShip\Common\Scripts\\LevelsDLC1\EvoSphere.lua,LevelsDLC1\EvoSphere.luac,..\..\Image\DontShip\Common\Scripts\\LevelsDLC1\EvoSphere.lua | EnemyTypes.lua | GameModes\MultiLifeMode.lua | Entities\PlayerChaserSpawner.lua
0603_7C2FF655_F339B71D.luac,..\..\Image\DontShip\Common\Scripts\\LevelsDLC1\TitanTwisted.lua,LevelsDLC1\TitanTwisted.luac,..\..\Image\DontShip\Common\Scripts\\LevelsDLC1\TitanTwisted.lua | common.lua | EnemyTypes.lua | Vector.lua | GridShapes.lua | SuperStates.lua
0604_7C4FCAD5_39000C3D.luac,..\..\Image\DontShip\Common\Scripts\\LevelsMobile\HexaWave_Mob.lua,LevelsMobile\HexaWave_Mob.luac,..\..\Image\DontShip\Common\Scripts\\LevelsMobile\HexaWave_Mob.lua | common.lua | EnemyTypes.lua | Vector.lua | GridShapes.lua | SuperStates.lua
0606_7D5121A1_961C2CD2.luac,..\..\Image\DontShip\Common\Scripts\\LevelsHC\LoveDuck_HC.lua,LevelsHC\LoveDuck_HC.luac,..\..\Image\DontShip\Common\Scripts\\LevelsHC\LoveDuck_HC.lua | common.lua | EnemyTypes.lua | Vector.lua | GridShapes.lua | SuperStates.lua
0608_7DA663D3_9AA4A430.luac,..\..\Image\DontShip\Common\Scripts\\Levels\KingPond.lua,Levels\KingPond.luac,..\..\Image\DontShip\Common\Scripts\\Levels\KingPond.lua | common.lua | EnemyTypes.lua | Vector.lua | GridShapes.lua | SuperStates.lua
0609_7E09025F_376E7F29.luac,..\..\Image\DontShip\Common\Scripts\\GameModes\MultiLifeMode.lua,GameModes\MultiLifeMode.luac,..\..\Image\DontShip\Common\Scripts\\GameModes\MultiLifeMode.lua | common.lua | GridShapes.lua | SuperStates.lua
0610_7E422E4D_D62FE66D.luac,..\..\Image\DontShip\Common\Scripts\\LevelsDLC1\PacifismSphereCity.lua,LevelsDLC1\PacifismSphereCity.luac,..\..\Image\DontShip\Common\Scripts\\LevelsDLC1\PacifismSphereCity.lua | common.lua | EnemyTypes.lua | Vector.lua | GridShapes.lua | Entities\WallEntity.lua | SuperStates.lua
0611_7E5F004A_21D96969.luac,..\..\Image\DontShip\Common\Scripts\\LevelsMobile\Ultimate\Waltzer_Mob.lua,LevelsMobile\Ultimate\Waltzer_Mob.luac,..\..\Image\DontShip\Common\Scripts\\LevelsMobile\Ultimate\Waltzer_Mob.lua | common.lua | EnemyTypes.lua | Vector.lua | GridShapes.lua | GameModes\SingleLifeMode.lua | Entities\WallEntity.lua
0612_7E714F06_88EB3190.luac,..\..\Image\DontShip\Common\Scripts\\LevelsHC\EvoSphere_HC.lua,LevelsHC\EvoSphere_HC.luac,..\..\Image\DontShip\Common\Scripts\\LevelsHC\EvoSphere_HC.lua | EnemyTypes.lua | GameModes\MultiLifeMode.lua | Entities\PlayerChaserSpawner.lua
0615_7EE92668_0B72B998.luac,..\..\Image\DontShip\Common\Scripts\\Levels\RegicideTwo.lua,Levels\RegicideTwo.luac,..\..\Image\DontShip\Common\Scripts\\Levels\RegicideTwo.lua | common.lua | EnemyTypes.lua | Vector.lua | GridShapes.lua | Entities\Beacon.lua | SuperStates.lua | RegicideMode.lua | Entities\WallEntity.lua
0619_7FA19535_86109DDD.luac,..\..\Image\DontShip\Common\Scripts\\LevelsMobile\Boss\BossWalls_Mob.lua,LevelsMobile\Boss\BossWalls_Mob.luac,..\..\Image\DontShip\Common\Scripts\\LevelsMobile\Boss\BossWalls_Mob.lua | common.lua | EnemyTypes.lua | GridShapes.lua | Entities\BossEntity.lua | Entities\WallEntity.lua | Vector.lua
0622_8057A1D3_6EA1D59E.luac,..\..\Image\DontShip\Common\Scripts\\LevelsDLC1\Scorpion.lua,LevelsDLC1\Scorpion.luac,..\..\Image\DontShip\Common\Scripts\\LevelsDLC1\Scorpion.lua | common.lua | EnemyTypes.lua | Vector.lua | GridShapes.lua | GameModes\PacifismMode.lua
0624_807ED5A8_9A15B170.luac,..\..\Image\DontShip\Common\Scripts\\Levels\CoopDeflektor.lua,Levels\CoopDeflektor.luac,..\..\Image\DontShip\Common\Scripts\\Levels\CoopDeflektor.lua | common.lua | EnemyTypes.lua | Vector.lua | GridShapes.lua | SuperStates.lua
0625_80B10703_069D6E1E.luac,..\..\Image\DontShip\Common\Scripts\\LevelsMobile\HardCore\Deadline_Endurance_HC_Mob.lua,LevelsMobile\HardCore\Deadline_Endurance_HC_Mob.luac,..\..\Image\DontShip\Common\Scripts\\LevelsMobile\HardCore\Deadline_Endurance_HC_Mob.lua | common.lua | EnemyTypes.lua | GridShapes.lua | Entities\LuaEntity.lua | Vector.lua | SuperStates.lua
0628_8286EA1F_A8407C02.luac,..\..\Image\DontShip\Common\Scripts\\LevelsMobile\Ultimate\BossCubeSquared_Mob.lua,LevelsMobile\Ultimate\BossCubeSquared_Mob.luac,..\..\Image\DontShip\Common\Scripts\\LevelsMobile\Ultimate\BossCubeSquared_Mob.lua | common.lua | EnemyTypes.lua | GridShapes.lua | Entities\BossEntity.lua | Vector.lua | SuperStates.lua
0637_844754E1_C272F6E0.luac,..\..\Image\DontShip\Common\Scripts\\Levels\Zico_Test.lua,Levels\Zico_Test.luac,..\..\Image\DontShip\Common\Scripts\\Levels\Zico_Test.lua | common.lua | EnemyTypes.lua | Vector.lua | GridShapes.lua | UnleashCommon.lua
0643_85F89DF5_A40A1527.luac,..\..\Image\DontShip\Common\Scripts\\LevelsMobile\HardCore\Marathon_HC_Mob.lua,LevelsMobile\HardCore\Marathon_HC_Mob.luac,..\..\Image\DontShip\Common\Scripts\\LevelsMobile\HardCore\Marathon_HC_Mob.lua | common.lua | EnemyTypes.lua | Vector.lua | GridShapes.lua | SuperStates.lua
0644_862482E6_329379F7.luac,..\..\Image\DontShip\Common\Scripts\\LevelsMobile\Ultimate\KingSphere_Mob.lua,LevelsMobile\Ultimate\KingSphere_Mob.luac,..\..\Image\DontShip\Common\Scripts\\LevelsMobile\Ultimate\KingSphere_Mob.lua | common.lua | EnemyTypes.lua | Vector.lua | GridShapes.lua | SuperStates.lua
0650_875806CB_B7195C75.luac,..\..\Image\DontShip\Common\Scripts\\LevelsMobile\HardCore\DomeOfDoom_HC_Mob.lua,LevelsMobile\HardCore\DomeOfDoom_HC_Mob.luac,..\..\Image\DontShip\Common\Scripts\\LevelsMobile\HardCore\DomeOfDoom_HC_Mob.lua | common.lua | EnemyTypes.lua | Vector.lua | GridShapes.lua | SuperStates.lua | Entities\PlayerChaserSpawner.lua
0652_8780970A_01345EBB.luac,..\..\Image\DontShip\Common\Scripts\\Levels\CoopCompactor.lua,Levels\CoopCompactor.luac,..\..\Image\DontShip\Common\Scripts\\Levels\CoopCompactor.lua | common.lua | EnemyTypes.lua | Vector.lua | GridShapes.lua | Entities\WallEntity.lua | SuperStates.lua
0653_87A69918_8DDEA901.luac,..\..\Image\DontShip\Common\Scripts\\Levels\Summoner_CylinderMed.lua,Levels\Summoner_CylinderMed.luac,..\..\Image\DontShip\Common\Scripts\\Levels\Summoner_CylinderMed.lua | common.lua | EnemyTypes.lua | Vector.lua | GridShapes.lua | Entities\Beacon.lua
0656_87CE3160_9EDBCF8A.luac,..\..\Image\DontShip\Common\Scripts\\Levels\SpawnersRevenge.lua,Levels\SpawnersRevenge.luac,..\..\Image\DontShip\Common\Scripts\\Levels\SpawnersRevenge.lua | common.lua | EnemyTypes.lua | GridShapes.lua | SuperStates.lua | Vector.lua
0658_8896D84B_C958459D.luac,..\..\Image\DontShip\Common\Scripts\\LevelsDLC1\BoSelecta.lua,LevelsDLC1\BoSelecta.luac,..\..\Image\DontShip\Common\Scripts\\LevelsDLC1\BoSelecta.lua | common.lua | EnemyTypes.lua | Vector.lua | GridShapes.lua | SuperStates.lua
0660_88F89B09_C4E5764F.luac,..\..\Image\DontShip\Common\Scripts\\LevelsMobile\Ultimate\PaintedTwistedPlane_Mob.lua,LevelsMobile\Ultimate\PaintedTwistedPlane_Mob.luac,..\..\Image\DontShip\Common\Scripts\\LevelsMobile\Ultimate\PaintedTwistedPlane_Mob.lua | common.lua | EnemyTypes.lua | GridShapes.lua | Entities\LuaEntity.lua | Vector.lua | SuperStates.lua
0665_8A83E539_3A237CFE.luac,..\..\Image\DontShip\Common\Scripts\\Levels\Fej_Test.lua,Levels\Fej_Test.luac,..\..\Image\DontShip\Common\Scripts\\Levels\Fej_Test.lua | common.lua | EnemyTypes.lua | Vector.lua | GridShapes.lua | Entities\Beacon.lua
0668_8ABC4381_443A2117.luac,..\..\Image\DontShip\Common\Scripts\\LevelsMobile\DeadlineSquareWalls_Mob.lua,LevelsMobile\DeadlineSquareWalls_Mob.luac,..\..\Image\DontShip\Common\Scripts\\LevelsMobile\DeadlineSquareWalls_Mob.lua | common.lua | EnemyTypes.lua | GridShapes.lua | Entities\LuaEntity.lua | Entities\WallEntity.lua | Vector.lua | SuperStates.lua
0672_8B501D85_AA0D9E93.luac,..\..\Image\DontShip\Common\Scripts\\LevelsMobile\Classic\Waves_Mob.lua,LevelsMobile\Classic\Waves_Mob.luac,..\..\Image\DontShip\Common\Scripts\\LevelsMobile\Classic\Waves_Mob.lua | common.lua | EnemyTypes.lua | Vector.lua | GridShapes.lua
0679_8C11B5A6_8323FCB2.luac,..\..\Image\DontShip\Common\Scripts\\LevelsDLC1\DeadlineCylinderRing70.lua,LevelsDLC1\DeadlineCylinderRing70.luac,..\..\Image\DontShip\Common\Scripts\\LevelsDLC1\DeadlineCylinderRing70.lua | common.lua | EnemyTypes.lua | GridShapes.lua | Entities\LuaEntity.lua | Vector.lua | SuperStates.lua
0682_8CA0A135_F24B1EE7.luac,..\..\Image\DontShip\Common\Scripts\\Levels\TurbineCube.lua,Levels\TurbineCube.luac,..\..\Image\DontShip\Common\Scripts\\Levels\TurbineCube.lua | common.lua | EnemyTypes.lua | Vector.lua | GridShapes.lua | Entities\WallEntity.lua | SuperStates.lua
0687_8EC6BCE5_9D8BE6D3.luac,..\..\Image\DontShip\Common\Scripts\\Levels\NufoFlow.lua,Levels\NufoFlow.luac,..\..\Image\DontShip\Common\Scripts\\Levels\NufoFlow.lua | common.lua | EnemyTypes.lua | GridShapes.lua | Vector.lua | SuperStates.lua
0690_8F14AAD3_22A90AFD.luac,..\..\Image\DontShip\Common\Scripts\\Levels\Stock_CubeMed.lua,Levels\Stock_CubeMed.luac,..\..\Image\DontShip\Common\Scripts\\Levels\Stock_CubeMed.lua | common.lua | EnemyTypes.lua | Vector.lua | GridShapes.lua | Entities\BossEntity.lua | StandardStockBoss.lua
0693_8F56A34B_D1DA0614.luac,..\..\Image\DontShip\Common\Scripts\\LevelsHC\ScorpionSphere_HC.lua,LevelsHC\ScorpionSphere_HC.luac,..\..\Image\DontShip\Common\Scripts\\LevelsHC\ScorpionSphere_HC.lua | common.lua | EnemyTypes.lua | Vector.lua | GridShapes.lua | GameModes\PacifismMode.lua
0694_8F65D60D_DEC5CEE0.luac,..\..\Image\DontShip\Common\Scripts\\Levels\King.lua,Levels\King.luac,..\..\Image\DontShip\Common\Scripts\\Levels\King.lua | common.lua | EnemyTypes.lua | Vector.lua | GridShapes.lua
0695_8F68E2D8_B2F4EDB1.luac,..\..\Image\DontShip\Common\Scripts\\Levels\InfectedKing.lua,Levels\InfectedKing.luac,..\..\Image\DontShip\Common\Scripts\\Levels\InfectedKing.lua | common.lua | EnemyTypes.lua | Vector.lua | GridShapes.lua | SuperStates.lua
0699_9043E68B_13103144.luac,..\..\Image\DontShip\Common\Scripts\\LevelsMobile\Ultimate\BulletSqueeze_Mob.lua,LevelsMobile\Ultimate\BulletSqueeze_Mob.luac,..\..\Image\DontShip\Common\Scripts\\LevelsMobile\Ultimate\BulletSqueeze_Mob.lua | common.lua | EnemyTypes.lua | Vector.lua | GridShapes.lua | Entities\WallEntity.lua | SuperStates.lua
0707_919CEC34_DADA1315.luac,..\..\Image\DontShip\Common\Scripts\\Levels\CoopNufoFlow.lua,Levels\CoopNufoFlow.luac,..\..\Image\DontShip\Common\Scripts\\Levels\CoopNufoFlow.lua | common.lua | EnemyTypes.lua | GridShapes.lua | Vector.lua | SuperStates.lua
0710_91D9A71F_055D3569.luac,..\..\Image\DontShip\Common\Scripts\\LevelsHC\BarrellRoll_HC.lua,LevelsHC\BarrellRoll_HC.luac,..\..\Image\DontShip\Common\Scripts\\LevelsHC\BarrellRoll_HC.lua | common.lua | EnemyTypes.lua | Vector.lua | GridShapes.lua | Entities\WallEntity.lua | SuperStates.lua
0717_9378E9A4_AD7B287C.luac,..\..\Image\DontShip\Common\Scripts\\Levels\Deadline_Cassette.lua,Levels\Deadline_Cassette.luac,..\..\Image\DontShip\Common\Scripts\\Levels\Deadline_Cassette.lua | common.lua | EnemyTypes.lua | Vector.lua | GridShapes.lua | SuperStates.lua | GameModes\DeadlineMode.lua
0719_95466681_E1F9823F.luac,..\..\Image\DontShip\Common\Scripts\GridShapes.lua,GridShapes.luac,..\..\Image\DontShip\Common\Scripts\GridShapes.lua
0720_95D354EA_D8203460.luac,..\..\Image\DontShip\Common\Scripts\\Levels\PaintedSphere.lua,Levels\PaintedSphere.luac,..\..\Image\DontShip\Common\Scripts\\Levels\PaintedSphere.lua | common.lua | EnemyTypes.lua | GridShapes.lua | Entities\LuaEntity.lua | Vector.lua | SuperStates.lua
0723_9623C30F_5641A899.luac,..\..\Image\DontShip\Common\Scripts\\Levels\Deadline_BloodCell.lua,Levels\Deadline_BloodCell.luac,..\..\Image\DontShip\Common\Scripts\\Levels\Deadline_BloodCell.lua | common.lua | EnemyTypes.lua | Vector.lua | GridShapes.lua
0728_9779E5A4_ACDD2B61.luac,..\..\Image\DontShip\Common\Scripts\\LevelsMobile\Ultimate\ScorpionPlane_Mob.lua,LevelsMobile\Ultimate\ScorpionPlane_Mob.luac,..\..\Image\DontShip\Common\Scripts\\LevelsMobile\Ultimate\ScorpionPlane_Mob.lua | common.lua | EnemyTypes.lua | Vector.lua | GridShapes.lua | GameModes\PacifismMode.lua
0734_98C3B696_2F135500.luac,..\..\Image\DontShip\Common\Scripts\\LevelsDLC1\MutantCraig.lua,LevelsDLC1\MutantCraig.luac,..\..\Image\DontShip\Common\Scripts\\LevelsDLC1\MutantCraig.lua | common.lua | EnemyTypes.lua | GridShapes.lua | Entities\LuaEntity.lua | Vector.lua | SuperStates.lua
0736_996C1091_4577384A.luac,..\..\Image\DontShip\Common\Scripts\\LevelsMobile\Boss\BossCube_Mob.lua,LevelsMobile\Boss\BossCube_Mob.luac,..\..\Image\DontShip\Common\Scripts\\LevelsMobile\Boss\BossCube_Mob.lua | common.lua | EnemyTypes.lua | GridShapes.lua | Entities\BossEntity.lua | Vector.lua | SuperStates.lua
0737_99867124_0DA6C6E4.luac,..\..\Image\DontShip\Common\Scripts\\LevelsMobile\HardCore\ScorpionSphere_HC_Mob.lua,LevelsMobile\HardCore\ScorpionSphere_HC_Mob.luac,..\..\Image\DontShip\Common\Scripts\\LevelsMobile\HardCore\ScorpionSphere_HC_Mob.lua | common.lua | EnemyTypes.lua | Vector.lua | GridShapes.lua | GameModes\PacifismMode.lua
0749_9AF0E940_B4F31230.luac,..\..\Image\DontShip\Common\Scripts\\Levels\DeadlineSquareWalls.lua,Levels\DeadlineSquareWalls.luac,..\..\Image\DontShip\Common\Scripts\\Levels\DeadlineSquareWalls.lua | common.lua | EnemyTypes.lua | GridShapes.lua | Entities\LuaEntity.lua | Entities\WallEntity.lua | Vector.lua | SuperStates.lua
0750_9B923720_7564ED52.luac,..\..\Image\DontShip\Common\Scripts\\Levels\MBonus02.lua,Levels\MBonus02.luac,..\..\Image\DontShip\Common\Scripts\\Levels\MBonus02.lua | common.lua | EnemyTypes.lua | Vector.lua | GridShapes.lua | Entities\WallEntity.lua | SuperStates.lua
0752_9BB8D610_493B9DD8.luac,..\..\Image\DontShip\Common\Scripts\\LevelsMobile\Ultimate\CheckpointEvil_Mob.lua,LevelsMobile\Ultimate\CheckpointEvil_Mob.luac,..\..\Image\DontShip\Common\Scripts\\LevelsMobile\Ultimate\CheckpointEvil_Mob.lua | common.lua | EnemyTypes.lua | GridShapes.lua | Entities\LuaEntity.lua | Vector.lua | SuperStates.lua | Entities\WallEntity.lua
0753_9BDD711A_7D224CB8.luac,..\..\Image\DontShip\Common\Scripts\\Entities\WallEntity.lua,Entities\WallEntity.luac,..\..\Image\DontShip\Common\Scripts\\Entities\WallEntity.lua
0759_9DC598D8_F0A00134.luac,..\..\Image\DontShip\Common\Scripts\\LevelsDLC1\QuadWallWaves.lua,LevelsDLC1\QuadWallWaves.luac,..\..\Image\DontShip\Common\Scripts\\LevelsDLC1\QuadWallWaves.lua | common.lua | EnemyTypes.lua | GridShapes.lua | Entities\LuaEntity.lua | Entities\WallEntity.lua | Vector.lua | SuperStates.lua
0762_9ECCEA0D_489EBE30.luac,..\..\Image\DontShip\Common\Scripts\\LevelsHC\PeanutDreams_HC.lua,LevelsHC\PeanutDreams_HC.luac,..\..\Image\DontShip\Common\Scripts\\LevelsHC\PeanutDreams_HC.lua | common.lua | EnemyTypes.lua | GridShapes.lua | Entities\LuaEntity.lua | Vector.lua | SuperStates.lua
0764_9F640F07_D546F307.luac,..\..\Image\DontShip\Common\Scripts\\LevelsMobile\Ultimate\StockNut_Mob.lua,LevelsMobile\Ultimate\StockNut_Mob.luac,..\..\Image\DontShip\Common\Scripts\\LevelsMobile\Ultimate\StockNut_Mob.lua | common.lua | EnemyTypes.lua | Vector.lua | GridShapes.lua | SuperStates.lua | Entities\PlayerChaserSpawner.lua
0767_A05CA7C0_748AB1D5.luac,..\..\Image\DontShip\Common\Scripts\\LevelsMobile\HardCore\GateDash_HC_Mob.lua,LevelsMobile\HardCore\GateDash_HC_Mob.luac,..\..\Image\DontShip\Common\Scripts\\LevelsMobile\HardCore\GateDash_HC_Mob.lua | common.lua | EnemyTypes.lua | Vector.lua | GridShapes.lua
0770_A0BE4D1F_0D9B1392.luac,..\..\Image\DontShip\Common\Scripts\\LevelsMobile\Deadline_Split_Mob.lua,LevelsMobile\Deadline_Split_Mob.luac,..\..\Image\DontShip\Common\Scripts\\LevelsMobile\Deadline_Split_Mob.lua | common.lua | EnemyTypes.lua | Vector.lua | GridShapes.lua | SuperStates.lua | Entities\LuaEntity.lua
0773_A1D52224_1626CF42.luac,..\..\Image\DontShip\Common\Scripts\\LevelsDLC1\PrecisionPlane.lua,LevelsDLC1\PrecisionPlane.luac,..\..\Image\DontShip\Common\Scripts\\LevelsDLC1\PrecisionPlane.lua | common.lua | EnemyTypes.lua | Vector.lua | GridShapes.lua | SuperStates.lua
0775_A26E7968_E09F3BAB.luac,..\..\Image\DontShip\Common\Scripts\\LevelsMobile\HardCore\PianolaRoller_HC_Mob.lua,LevelsMobile\HardCore\PianolaRoller_HC_Mob.luac,..\..\Image\DontShip\Common\Scripts\\LevelsMobile\HardCore\PianolaRoller_HC_Mob.lua | common.lua | EnemyTypes.lua | Vector.lua | GridShapes.lua | Entities\WallEntity.lua | SuperStates.lua
0784_A4B78483_50B0ABC4.luac,..\..\Image\DontShip\Common\Scripts\\Levels\Titan2.lua,Levels\Titan2.luac,..\..\Image\DontShip\Common\Scripts\\Levels\Titan2.lua | common.lua | EnemyTypes.lua | Vector.lua | GridShapes.lua | SuperStates.lua
0786_A4F3F2FF_972F6DDC.luac,..\..\Image\DontShip\Common\Scripts\\LevelsHC\TitanSphere_HC.lua,LevelsHC\TitanSphere_HC.luac,..\..\Image\DontShip\Common\Scripts\\LevelsHC\TitanSphere_HC.lua | common.lua | EnemyTypes.lua | Vector.lua | GridShapes.lua | SuperStates.lua
0788_A514DAF7_EC5D7C33.luac,..\..\Image\DontShip\Common\Scripts\\LevelsDLC1\StockDomeSyndrome.lua,LevelsDLC1\StockDomeSyndrome.luac,..\..\Image\DontShip\Common\Scripts\\LevelsDLC1\StockDomeSyndrome.lua | common.lua | EnemyTypes.lua | Vector.lua | GridShapes.lua | SuperStates.lua | Entities\PlayerChaserSpawner.lua
0789_A5A8270F_EFF94B2A.luac,..\..\Image\DontShip\Common\Scripts\\LevelsMobile\Ultimate\Slider_Mob.lua,LevelsMobile\Ultimate\Slider_Mob.luac,..\..\Image\DontShip\Common\Scripts\\LevelsMobile\Ultimate\Slider_Mob.lua | common.lua | EnemyTypes.lua | GridShapes.lua | Entities\LuaEntity.lua | Entities\WallEntity.lua | Entities\PortalEntity.lua | Entities\PlayerChaserSpawner.lua | Vector.lua | SuperStates.lua
0791_A5BBB7CA_F01B5C08.luac,..\..\Image\DontShip\Common\Scripts\\Levels\ColTest_Lvl3_Intensity.lua,Levels\ColTest_Lvl3_Intensity.luac,..\..\Image\DontShip\Common\Scripts\\Levels\ColTest_Lvl3_Intensity.lua | common.lua | EnemyTypes.lua | Vector.lua | GridShapes.lua | SuperStates.lua
0792_A5FF45A1_0E39DF16.luac,..\..\Image\DontShip\Common\Scripts\\Levels\PaintedCube.lua,Levels\PaintedCube.luac,..\..\Image\DontShip\Common\Scripts\\Levels\PaintedCube.lua | common.lua | EnemyTypes.lua | GridShapes.lua | Entities\LuaEntity.lua | Vector.lua | SuperStates.lua
0794_A666EB7E_B6F98F95.luac,..\..\Image\DontShip\Common\Scripts\BulletPortal.lua,BulletPortal.luac,..\..\Image\DontShip\Common\Scripts\BulletPortal.lua
0795_A67F3A24_B5B4244B.luac,..\..\Image\DontShip\Common\Scripts\\Levels\Level2BasicShooting.lua,Levels\Level2BasicShooting.luac,..\..\Image\DontShip\Common\Scripts\\Levels\Level2BasicShooting.lua | common.lua | EnemyTypes.lua | Vector.lua | GridShapes.lua | SuperStates.lua | Entities\LuaEntity.lua
0797_A6B9FB15_4DC0F800.luac,..\..\Image\DontShip\Common\Scripts\\LevelsMobile\Ultimate\BossCylinder_Mob.lua,LevelsMobile\Ultimate\BossCylinder_Mob.luac,..\..\Image\DontShip\Common\Scripts\\LevelsMobile\Ultimate\BossCylinder_Mob.lua | common.lua | EnemyTypes.lua | GridShapes.lua | Entities\BossEntity.lua | Entities\PlayerChaserSpawner.lua | Entities\WallEntity.lua | Vector.lua | SuperStates.lua
0798_A6C6145E_904BE5D5.luac,..\..\Image\DontShip\Common\Scripts\\LevelsMobile\PianolaRoller_Mob.lua,LevelsMobile\PianolaRoller_Mob.luac,..\..\Image\DontShip\Common\Scripts\\LevelsMobile\PianolaRoller_Mob.lua | common.lua | EnemyTypes.lua | Vector.lua | GridShapes.lua | Entities\WallEntity.lua | SuperStates.lua
0799_A6D1C4EA_E5521DB7.luac,..\..\Image\DontShip\Common\Scripts\\Levels\Marathon.lua,Levels\Marathon.luac,..\..\Image\DontShip\Common\Scripts\\Levels\Marathon.lua | common.lua | EnemyTypes.lua | Vector.lua | GridShapes.lua | SuperStates.lua
0800_A6DAAD72_1C7EC251.luac,..\..\Image\DontShip\Common\Scripts\\Levels\CoopMaze.lua,Levels\CoopMaze.luac,..\..\Image\DontShip\Common\Scripts\\Levels\CoopMaze.lua | common.lua | EnemyTypes.lua | GridShapes.lua | Entities\LuaEntity.lua | Entities\WallEntity.lua | Vector.lua | SuperStates.lua
0807_A8606EF7_936D7DA8.luac,..\..\Image\DontShip\Common\Scripts\\Levels\RunFamily.lua,Levels\RunFamily.luac,..\..\Image\DontShip\Common\Scripts\\Levels\RunFamily.lua | common.lua | EnemyTypes.lua | GridShapes.lua | Entities\LuaEntity.lua | Vector.lua | SuperStates.lua
0811_A9D4BE99_FB879E96.luac,..\..\Image\DontShip\Common\Scripts\\LevelsMobile\Titan2_Mob.lua,LevelsMobile\Titan2_Mob.luac,..\..\Image\DontShip\Common\Scripts\\LevelsMobile\Titan2_Mob.lua | common.lua | EnemyTypes.lua | Vector.lua | GridShapes.lua | SuperStates.lua
0820_ABD1CC50_543A3816.luac,..\..\Image\DontShip\Common\Scripts\\LevelsMobile\TheRock_Mob.lua,LevelsMobile\TheRock_Mob.luac,..\..\Image\DontShip\Common\Scripts\\LevelsMobile\TheRock_Mob.lua | common.lua | EnemyTypes.lua | GridShapes.lua | Vector.lua | SuperStates.lua | GameModes\SingleLifeMode.lua
0822_ABE81C17_19311934.luac,..\..\Image\DontShip\Common\Scripts\\LevelsMobile\PeanutDreams_Mob.lua,LevelsMobile\PeanutDreams_Mob.luac,..\..\Image\DontShip\Common\Scripts\\LevelsMobile\PeanutDreams_Mob.lua | common.lua | EnemyTypes.lua | GridShapes.lua | Entities\LuaEntity.lua | Vector.lua | SuperStates.lua
0824_ACD4F314_DCA2BA55.luac,..\..\Image\DontShip\Common\Scripts\\LevelsMobile\CompactorCylinder_Mob.lua,LevelsMobile\CompactorCylinder_Mob.luac,..\..\Image\DontShip\Common\Scripts\\LevelsMobile\CompactorCylinder_Mob.lua | common.lua | EnemyTypes.lua | Vector.lua | GridShapes.lua | Entities\WallEntity.lua | SuperStates.lua
0825_ADCE22F1_31FF6410.luac,..\..\Image\DontShip\Common\Scripts\\LevelsDLC1\Waltzer.lua,LevelsDLC1\Waltzer.luac,..\..\Image\DontShip\Common\Scripts\\LevelsDLC1\Waltzer.lua | common.lua | EnemyTypes.lua | Vector.lua | GridShapes.lua | GameModes\SingleLifeMode.lua | Entities\WallEntity.lua
0829_AEC24D71_19052093.luac,..\..\Image\DontShip\Common\Scripts\\LevelsMobile\Ultimate\BoSelecta_Mob.lua,LevelsMobile\Ultimate\BoSelecta_Mob.luac,..\..\Image\DontShip\Common\Scripts\\LevelsMobile\Ultimate\BoSelecta_Mob.lua | common.lua | EnemyTypes.lua | Vector.lua | GridShapes.lua | SuperStates.lua
0830_AED7978A_18DDB5DA.luac,..\..\Image\DontShip\Common\Scripts\\Entities\LuaEntity.lua,Entities\LuaEntity.luac,..\..\Image\DontShip\Common\Scripts\\Entities\LuaEntity.lua
0842_B1270F04_B1567E2E.luac,..\..\Image\DontShip\Common\Scripts\\Levels\Summoner_PeanutLrg.lua,Levels\Summoner_PeanutLrg.luac,..\..\Image\DontShip\Common\Scripts\\Levels\Summoner_PeanutLrg.lua | common.lua | EnemyTypes.lua | Vector.lua | GridShapes.lua | Entities\Beacon.lua
0844_B15EBEE9_0E4A0CB2.luac,..\..\Image\DontShip\Common\Scripts\\LevelsDLC1\ScorpionPlane.lua,LevelsDLC1\ScorpionPlane.luac,..\..\Image\DontShip\Common\Scripts\\LevelsDLC1\ScorpionPlane.lua | common.lua | EnemyTypes.lua | Vector.lua | GridShapes.lua | GameModes\PacifismMode.lua
0845_B1DDF97F_1E7A114B.luac,..\..\Image\DontShip\Common\Scripts\\Levels\CoopKing.lua,Levels\CoopKing.luac,..\..\Image\DontShip\Common\Scripts\\Levels\CoopKing.lua | common.lua | EnemyTypes.lua | Vector.lua | GridShapes.lua | SuperStates.lua
0848_B2981194_6DF98B52.luac,..\..\Image\DontShip\Common\Scripts\\LevelsDLC1\RushMinute.lua,LevelsDLC1\RushMinute.luac,..\..\Image\DontShip\Common\Scripts\\LevelsDLC1\RushMinute.lua | common.lua | EnemyTypes.lua | Vector.lua | GridShapes.lua | SuperStates.lua
0852_B3FD79B2_62859AD8.luac,..\..\Image\DontShip\Common\Scripts\\LevelsMobile\CheckpointCube_Mob.lua,LevelsMobile\CheckpointCube_Mob.luac,..\..\Image\DontShip\Common\Scripts\\LevelsMobile\CheckpointCube_Mob.lua | common.lua | EnemyTypes.lua | GridShapes.lua | Entities\LuaEntity.lua | Vector.lua | SuperStates.lua
0855_B5754AAF_D7E2DF17.luac,..\..\Image\DontShip\Common\Scripts\WallStockBoss.lua,WallStockBoss.luac,..\..\Image\DontShip\Common\Scripts\WallStockBoss.lua | common.lua | EnemyTypes.lua | Vector.lua | GridShapes.lua | Entities\BossEntity.lua | Entities\WallEntity.lua
0858_B5CC8432_8A28CA27.luac,..\..\Image\DontShip\Common\Scripts\\LevelsMobile\Ultimate\HalfPipeHero_Mob.lua,LevelsMobile\Ultimate\HalfPipeHero_Mob.luac,..\..\Image\DontShip\Common\Scripts\\LevelsMobile\Ultimate\HalfPipeHero_Mob.lua | common.lua | EnemyTypes.lua | Entities\PlayerChaserSpawner.lua | GameModes\DeadlineMode.lua
0860_B61E22E7_2E4AFD43.luac,..\..\Image\DontShip\Common\Scripts\\Levels\Stock_DomeLrg.lua,Levels\Stock_DomeLrg.luac,..\..\Image\DontShip\Common\Scripts\\Levels\Stock_DomeLrg.lua | common.lua | EnemyTypes.lua | Vector.lua | GridShapes.lua | Entities\BossEntity.lua | StandardStockBoss.lua
0861_B654BE07_0F54BF03.luac,..\..\Image\DontShip\Common\Scripts\\LevelsMobile\Classic\King_Mob.lua,LevelsMobile\Classic\King_Mob.luac,..\..\Image\DontShip\Common\Scripts\\LevelsMobile\Classic\King_Mob.lua | common.lua | EnemyTypes.lua | Vector.lua | GridShapes.lua
0867_B77CB00E_E1F7B1C8.luac,..\..\Image\DontShip\Common\Scripts\\LevelsMobile\Ultimate\StockDomeSyndrome_Mob.lua,LevelsMobile\Ultimate\StockDomeSyndrome_Mob.luac,..\..\Image\DontShip\Common\Scripts\\LevelsMobile\Ultimate\StockDomeSyndrome_Mob.lua | common.lua | EnemyTypes.lua | Vector.lua | GridShapes.lua | SuperStates.lua | Entities\PlayerChaserSpawner.lua
0868_B7AB91C1_77BD5DFF.luac,..\..\Image\DontShip\Common\Scripts\\LevelsMobile\TheBeginning_Mob.lua,LevelsMobile\TheBeginning_Mob.luac,..\..\Image\DontShip\Common\Scripts\\LevelsMobile\TheBeginning_Mob.lua | common.lua | EnemyTypes.lua | Vector.lua | GridShapes.lua | SuperStates.lua
0869_B804EEC5_EAAA7234.luac,..\..\Image\DontShip\Common\Scripts\\LevelsDLC1\RetroRemake.lua,LevelsDLC1\RetroRemake.luac,..\..\Image\DontShip\Common\Scripts\\LevelsDLC1\RetroRemake.lua | common.lua | EnemyTypes.lua | Vector.lua | GridShapes.lua
0870_B80A31C3_B5F1804A.luac,..\..\Image\DontShip\Common\Scripts\\Levels\Deadline.lua,Levels\Deadline.luac,..\..\Image\DontShip\Common\Scripts\\Levels\Deadline.lua | common.lua | EnemyTypes.lua | Vector.lua | GridShapes.lua
0877_B9B7F201_ABA7D68B.luac,..\..\Image\DontShip\Common\Scripts\\LevelsMobile\HardCore\EvoSphere_HC_Mob.lua,LevelsMobile\HardCore\EvoSphere_HC_Mob.luac,..\..\Image\DontShip\Common\Scripts\\LevelsMobile\HardCore\EvoSphere_HC_Mob.lua | EnemyTypes.lua | GameModes\MultiLifeMode.lua | Entities\PlayerChaserSpawner.lua
0878_B9BAF017_9523F8DF.luac,..\..\Image\DontShip\Common\Scripts\\LevelsMobile\SpawnersRevenge2_Mob.lua,LevelsMobile\SpawnersRevenge2_Mob.luac,..\..\Image\DontShip\Common\Scripts\\LevelsMobile\SpawnersRevenge2_Mob.lua | common.lua | EnemyTypes.lua | GridShapes.lua | SuperStates.lua | Vector.lua
0884_BAD70AFF_2537DA24.luac,..\..\Image\DontShip\Common\Scripts\\Levels\SpinningTop.lua,Levels\SpinningTop.luac,..\..\Image\DontShip\Common\Scripts\\Levels\SpinningTop.lua | common.lua | EnemyTypes.lua | GridShapes.lua | Entities\LuaEntity.lua | Vector.lua | SuperStates.lua
0885_BAE3E99F_3CAE88D2.luac,..\..\Image\DontShip\Common\Scripts\\Levels\BossSausage.lua,Levels\BossSausage.luac,..\..\Image\DontShip\Common\Scripts\\Levels\BossSausage.lua | common.lua | EnemyTypes.lua | GridShapes.lua | Entities\BossEntity.lua | Vector.lua | SuperStates.lua
0887_BB465CD7_11EBBE0A.luac,..\..\Image\DontShip\Common\Scripts\\LevelsMobile\Ultimate\RushMinute_Mob.lua,LevelsMobile\Ultimate\RushMinute_Mob.luac,..\..\Image\DontShip\Common\Scripts\\LevelsMobile\Ultimate\RushMinute_Mob.lua | common.lua | EnemyTypes.lua | Vector.lua | GridShapes.lua | SuperStates.lua
0891_BCDC9F9C_34FA0F2C.luac,..\..\Image\DontShip\Common\Scripts\\LevelsDLC1\CheckpointHexagonHard.lua,LevelsDLC1\CheckpointHexagonHard.luac,..\..\Image\DontShip\Common\Scripts\\LevelsDLC1\CheckpointHexagonHard.lua | common.lua | EnemyTypes.lua | Vector.lua | GridShapes.lua | SuperStates.lua | Entities\WallEntity.lua
0892_BCF69C69_4A5311D5.luac,..\..\Image\DontShip\Common\Scripts\\LevelsMobile\HardCore\KingSphere_HC_Mob.lua,LevelsMobile\HardCore\KingSphere_HC_Mob.luac,..\..\Image\DontShip\Common\Scripts\\LevelsMobile\HardCore\KingSphere_HC_Mob.lua | common.lua | EnemyTypes.lua | Vector.lua | GridShapes.lua | SuperStates.lua
0894_BD0E03F7_36FBD342.luac,..\..\Image\DontShip\Common\Scripts\\LevelsDLC1\FlappyWars.lua,LevelsDLC1\FlappyWars.luac,..\..\Image\DontShip\Common\Scripts\\LevelsDLC1\FlappyWars.lua | common.lua | EnemyTypes.lua | Vector.lua | GridShapes.lua | GameModes\SingleLifeMode.lua | Entities\WallEntity.lua
0901_BE10FC84_9DD17C86.luac,..\..\Image\DontShip\Common\Scripts\\Levels\Waves_BL_Hexagon.lua,Levels\Waves_BL_Hexagon.luac,..\..\Image\DontShip\Common\Scripts\\Levels\Waves_BL_Hexagon.lua | common.lua | EnemyTypes.lua | Vector.lua | GridShapes.lua | SuperStates.lua
0909_BF40206C_F7CC4376.luac,..\..\Image\DontShip\Common\Scripts\\LevelsDLC1\BossCylinder.lua,LevelsDLC1\BossCylinder.luac,..\..\Image\DontShip\Common\Scripts\\LevelsDLC1\BossCylinder.lua | common.lua | EnemyTypes.lua | GridShapes.lua | Entities\BossEntity.lua | Entities\PlayerChaserSpawner.lua | Entities\WallEntity.lua | Vector.lua | SuperStates.lua
0918_C08F2965_D86BEE4A.luac,..\..\Image\DontShip\Common\Scripts\\LevelsMobile\HardCore\TitanSphere_HC_Mob.lua,LevelsMobile\HardCore\TitanSphere_HC_Mob.luac,..\..\Image\DontShip\Common\Scripts\\LevelsMobile\HardCore\TitanSphere_HC_Mob.lua | common.lua | EnemyTypes.lua | Vector.lua | GridShapes.lua | SuperStates.lua
0919_C0A86D2B_FF7DB9BE.luac,..\..\Image\DontShip\Common\Scripts\\Entities\BossEntity.lua,Entities\BossEntity.luac,..\..\Image\DontShip\Common\Scripts\\Entities\BossEntity.lua
0920_C0FDE07E_2128A9CD.luac,..\..\Image\DontShip\Common\Scripts\\LevelsMobile\Classic\RetroEvolved_Mob.lua,LevelsMobile\Classic\RetroEvolved_Mob.luac,..\..\Image\DontShip\Common\Scripts\\LevelsMobile\Classic\RetroEvolved_Mob.lua | common.lua | EnemyTypes.lua | Vector.lua | GridShapes.lua
0937_C57E298C_4A724680.luac,..\..\Image\DontShip\Common\Scripts\\Levels\PaintedPeanut.lua,Levels\PaintedPeanut.luac,..\..\Image\DontShip\Common\Scripts\\Levels\PaintedPeanut.lua | common.lua | EnemyTypes.lua | GridShapes.lua | Entities\LuaEntity.lua | Vector.lua | SuperStates.lua
0938_C5B5866E_CC159349.luac,..\..\Image\DontShip\Common\Scripts\\LevelsMobile\HardCore\TheRock_HC_Mob.lua,LevelsMobile\HardCore\TheRock_HC_Mob.luac,..\..\Image\DontShip\Common\Scripts\\LevelsMobile\HardCore\TheRock_HC_Mob.lua | common.lua | EnemyTypes.lua | GridShapes.lua | Vector.lua | SuperStates.lua | GameModes\SingleLifeMode.lua
0945_C7451746_9A390295.luac,..\..\Image\DontShip\Common\Scripts\\LevelsMobile\Ultimate\StateofEmergency_Mob.lua,LevelsMobile\Ultimate\StateofEmergency_Mob.luac,..\..\Image\DontShip\Common\Scripts\\LevelsMobile\Ultimate\StateofEmergency_Mob.lua | common.lua | EnemyTypes.lua | Vector.lua | GridShapes.lua | SuperStates.lua
0947_C7620F08_D1B027A1.luac,..\..\Image\DontShip\Common\Scripts\\LevelsMobile\PacifismSphere_Mob.lua,LevelsMobile\PacifismSphere_Mob.luac,..\..\Image\DontShip\Common\Scripts\\LevelsMobile\PacifismSphere_Mob.lua | common.lua | EnemyTypes.lua | Vector.lua | GridShapes.lua
0951_C7F367DE_7704A0BC.luac,..\..\Image\DontShip\Common\Scripts\\LevelsHC\DomeOfDoom_HC.lua,LevelsHC\DomeOfDoom_HC.luac,..\..\Image\DontShip\Common\Scripts\\LevelsHC\DomeOfDoom_HC.lua | common.lua | EnemyTypes.lua | Vector.lua | GridShapes.lua | SuperStates.lua | Entities\PlayerChaserSpawner.lua
0952_C81FD6C9_327F28B2.luac,..\..\Image\DontShip\Common\Scripts\\LevelsMobile\Ultimate\PlanetOfTheAsps_Mob.lua,LevelsMobile\Ultimate\PlanetOfTheAsps_Mob.luac,..\..\Image\DontShip\Common\Scripts\\LevelsMobile\Ultimate\PlanetOfTheAsps_Mob.lua | EnemyTypes.lua | GameModes\SingleLifeMode.lua
0953_C85EDF28_DE1D6667.luac,..\..\Image\DontShip\Common\Scripts\\Levels\TrashCompactor.lua,Levels\TrashCompactor.luac,..\..\Image\DontShip\Common\Scripts\\Levels\TrashCompactor.lua | common.lua | EnemyTypes.lua | Vector.lua | GridShapes.lua | Entities\WallEntity.lua | SuperStates.lua
0955_C897189A_F4E46B5C.luac,..\..\Image\DontShip\Common\Scripts\\Levels\CoopRock.lua,Levels\CoopRock.luac,..\..\Image\DontShip\Common\Scripts\\Levels\CoopRock.lua | common.lua | EnemyTypes.lua | GridShapes.lua | Entities\LuaEntity.lua | Vector.lua | SuperStates.lua
0956_C8BCA5FA_0E1D33FE.luac,..\..\Image\DontShip\Common\Scripts\\LevelsMobile\SpawnersRevenge_Mob.lua,LevelsMobile\SpawnersRevenge_Mob.luac,..\..\Image\DontShip\Common\Scripts\\LevelsMobile\SpawnersRevenge_Mob.lua | common.lua | EnemyTypes.lua | GridShapes.lua | SuperStates.lua | Vector.lua
0957_C9362088_5B3BE3B7.luac,..\..\Image\DontShip\Common\Scripts\\LevelsMobile\Deadline_Cassette_Mob.lua,LevelsMobile\Deadline_Cassette_Mob.luac,..\..\Image\DontShip\Common\Scripts\\LevelsMobile\Deadline_Cassette_Mob.lua | common.lua | EnemyTypes.lua | Vector.lua | GridShapes.lua | SuperStates.lua | GameModes\DeadlineMode.lua
0964_CAEFF4BD_606B2368.luac,..\..\Image\DontShip\Common\Scripts\TestLevel.lua,TestLevel.luac,..\..\Image\DontShip\Common\Scripts\TestLevel.lua | common.lua | EnemyTypes.lua | GridShapes.lua
0967_CB6A6840_5A3A6852.luac,..\..\Image\DontShip\Common\Scripts\\LevelsMobile\Ultimate\GateDashMaze_Mob.lua,LevelsMobile\Ultimate\GateDashMaze_Mob.luac,..\..\Image\DontShip\Common\Scripts\\LevelsMobile\Ultimate\GateDashMaze_Mob.lua | common.lua | EnemyTypes.lua | Vector.lua | GridShapes.lua | Entities\LuaEntity.lua | SuperStates.lua | Entities\WallEntity.lua
0974_CC2F724C_BA852AE1.luac,..\..\Image\DontShip\Common\Scripts\\LevelsMobile\Ultimate\Matador_Mob.lua,LevelsMobile\Ultimate\Matador_Mob.luac,..\..\Image\DontShip\Common\Scripts\\LevelsMobile\Ultimate\Matador_Mob.lua | common.lua | EnemyTypes.lua | Vector.lua | GridShapes.lua | GameModes\PacifismMode.lua
0976_CCFBD3D0_7B5AE93F.luac,..\..\Image\DontShip\Common\Scripts\\LevelsDLC1\AndyTest.lua,LevelsDLC1\AndyTest.luac,..\..\Image\DontShip\Common\Scripts\\LevelsDLC1\AndyTest.lua | common.lua | EnemyTypes.lua | GridShapes.lua | Entities\BossEntity.lua | Vector.lua | SuperStates.lua
0980_CE501762_744AF274.luac,..\..\Image\DontShip\Common\Scripts\\Levels\BossWalls.lua,Levels\BossWalls.luac,..\..\Image\DontShip\Common\Scripts\\Levels\BossWalls.lua | common.lua | EnemyTypes.lua | GridShapes.lua | Entities\BossEntity.lua | Entities\WallEntity.lua | Vector.lua
0981_CE673436_818F22CD.luac,..\..\Image\DontShip\Common\Scripts\\Levels\Stock_PeanutLrg.lua,Levels\Stock_PeanutLrg.luac,..\..\Image\DontShip\Common\Scripts\\Levels\Stock_PeanutLrg.lua | common.lua | EnemyTypes.lua | Vector.lua | GridShapes.lua | Entities\BossEntity.lua | WallStockBoss.lua
0986_CF8B6028_2F2FCAC7.luac,..\..\Image\DontShip\Common\Scripts\\Levels\Summoner_SphereLrg.lua,Levels\Summoner_SphereLrg.luac,..\..\Image\DontShip\Common\Scripts\\Levels\Summoner_SphereLrg.lua | common.lua | EnemyTypes.lua | Vector.lua | GridShapes.lua | Entities\Beacon.lua
0990_D04A9B84_E30F56AD.luac,..\..\Image\DontShip\Common\Scripts\\LevelsDLC1\StockNut.lua,LevelsDLC1\StockNut.luac,..\..\Image\DontShip\Common\Scripts\\LevelsDLC1\StockNut.lua | common.lua | EnemyTypes.lua | Vector.lua | GridShapes.lua | SuperStates.lua | Entities\PlayerChaserSpawner.lua
0996_D0C9CF9D_534C201B.luac,..\..\Image\DontShip\Common\Scripts\\LevelsHC\BossWalls_HC.lua,LevelsHC\BossWalls_HC.luac,..\..\Image\DontShip\Common\Scripts\\LevelsHC\BossWalls_HC.lua | common.lua | EnemyTypes.lua | GridShapes.lua | Entities\BossEntity.lua | Entities\WallEntity.lua | Vector.lua
0997_D0F90716_CAFBB08C.luac,..\..\Image\DontShip\Common\Scripts\\Levels\SpawnersRevenge2.lua,Levels\SpawnersRevenge2.luac,..\..\Image\DontShip\Common\Scripts\\Levels\SpawnersRevenge2.lua | common.lua | EnemyTypes.lua | GridShapes.lua | SuperStates.lua | Vector.lua
1000_D17BBBDC_A5AF3F54.luac,..\..\Image\DontShip\Common\Scripts\\LevelsMobile\Ultimate\TargetAcquired_Mob.lua,LevelsMobile\Ultimate\TargetAcquired_Mob.luac,..\..\Image\DontShip\Common\Scripts\\LevelsMobile\Ultimate\TargetAcquired_Mob.lua | common.lua | EnemyTypes.lua | Vector.lua | GridShapes.lua | Entities\LuaEntity.lua | SuperStates.lua | Entities\WallEntity.lua
1019_D65AC53B_B1160812.luac,..\..\Image\DontShip\Common\Scripts\EnemyTypes.lua,EnemyTypes.luac,..\..\Image\DontShip\Common\Scripts\EnemyTypes.lua
1021_D6709E0A_6D51B139.luac,..\..\Image\DontShip\Common\Scripts\\GameModes\PacifismMode.lua,GameModes\PacifismMode.luac,..\..\Image\DontShip\Common\Scripts\\GameModes\PacifismMode.lua | common.lua | GridShapes.lua
1023_D6AA698B_65011056.luac,..\..\Image\DontShip\Common\Scripts\\Entities\PlayerChaserSpawner.lua,Entities\PlayerChaserSpawner.luac,..\..\Image\DontShip\Common\Scripts\\Entities\PlayerChaserSpawner.lua
1024_D6B67228_7139C133.luac,..\..\Image\DontShip\Common\Scripts\\Levels\Summoner_CubeMed.lua,Levels\Summoner_CubeMed.luac,..\..\Image\DontShip\Common\Scripts\\Levels\Summoner_CubeMed.lua | common.lua | EnemyTypes.lua | Vector.lua | GridShapes.lua | Entities\Beacon.lua
1026_D7035C8E_3589E1F5.luac,..\..\Image\DontShip\Common\Scripts\\Levels\PianolaRoller.lua,Levels\PianolaRoller.luac,..\..\Image\DontShip\Common\Scripts\\Levels\PianolaRoller.lua | common.lua | EnemyTypes.lua | Vector.lua | GridShapes.lua | Entities\WallEntity.lua | SuperStates.lua
1030_D7D1FF9C_6E3807B3.luac,..\..\Image\DontShip\Common\Scripts\\LevelsMobile\Ultimate\BossOctogan_Mob.lua,LevelsMobile\Ultimate\BossOctogan_Mob.luac,..\..\Image\DontShip\Common\Scripts\\LevelsMobile\Ultimate\BossOctogan_Mob.lua | common.lua | EnemyTypes.lua | GridShapes.lua | Entities\BossEntity.lua | Vector.lua | SuperStates.lua | Entities\WallEntity.lua
1031_D7E315F0_593B23AF.luac,..\..\Image\DontShip\Common\Scripts\\LevelsDLC1\HalfPipeHero.lua,LevelsDLC1\HalfPipeHero.luac,..\..\Image\DontShip\Common\Scripts\\LevelsDLC1\HalfPipeHero.lua | common.lua | EnemyTypes.lua | Entities\PlayerChaserSpawner.lua | GameModes\DeadlineMode.lua
1032_D83544DD_D8C19200.luac,..\..\Image\DontShip\Common\Scripts\\LevelsMobile\HardCore\CompactorCylinder_HC_Mob.lua,LevelsMobile\HardCore\CompactorCylinder_HC_Mob.luac,..\..\Image\DontShip\Common\Scripts\\LevelsMobile\HardCore\CompactorCylinder_HC_Mob.lua | common.lua | EnemyTypes.lua | Vector.lua | GridShapes.lua | Entities\WallEntity.lua | SuperStates.lua
1043_DB49A5AC_8559184B.luac,..\..\Image\DontShip\Common\Scripts\\LevelsMobile\Classic\Pacifism_Mob.lua,LevelsMobile\Classic\Pacifism_Mob.luac,..\..\Image\DontShip\Common\Scripts\\LevelsMobile\Classic\Pacifism_Mob.lua | common.lua | EnemyTypes.lua | Vector.lua | GridShapes.lua | GameModes\PacifismMode.lua
1045_DBBB1189_3319ECAE.luac,..\..\Image\DontShip\Common\Scripts\\LevelsDLC1\Slider.lua,LevelsDLC1\Slider.luac,..\..\Image\DontShip\Common\Scripts\\LevelsDLC1\Slider.lua | common.lua | EnemyTypes.lua | GridShapes.lua | Entities\LuaEntity.lua | Entities\WallEntity.lua | Entities\PortalEntity.lua | Entities\PlayerChaserSpawner.lua | Vector.lua | SuperStates.lua
1046_DBDD5B0D_07793289.luac,..\..\Image\DontShip\Common\Scripts\\Levels\Stock_CylinderMed.lua,Levels\Stock_CylinderMed.luac,..\..\Image\DontShip\Common\Scripts\\Levels\Stock_CylinderMed.lua | common.lua | EnemyTypes.lua | Vector.lua | GridShapes.lua | Entities\BossEntity.lua | StandardStockBoss.lua
1049_DC324DF0_2B78C7F3.luac,..\..\Image\DontShip\Common\Scripts\\Levels\MBonus01.lua,Levels\MBonus01.luac,..\..\Image\DontShip\Common\Scripts\\Levels\MBonus01.lua | common.lua | EnemyTypes.lua | Vector.lua | GridShapes.lua | SuperStates.lua
1052_DC538503_11B6209C.luac,..\..\Image\DontShip\Common\Scripts\\Levels\BossSphere.lua,Levels\BossSphere.luac,..\..\Image\DontShip\Common\Scripts\\Levels\BossSphere.lua | common.lua | EnemyTypes.lua | GridShapes.lua | Entities\BossEntity.lua | Vector.lua | SuperStates.lua
1061_DEB62669_A8003C10.luac,..\..\Image\DontShip\Common\Scripts\\Levels\ColTest_CircleOfDoom.lua,Levels\ColTest_CircleOfDoom.luac,..\..\Image\DontShip\Common\Scripts\\Levels\ColTest_CircleOfDoom.lua | common.lua | EnemyTypes.lua | Vector.lua | GridShapes.lua | SuperStates.lua | Entities\PlayerChaserSpawner.lua
1065_DFC5DF05_FDB8D8E4.luac,..\..\Image\DontShip\Common\Scripts\\Levels\Regicide.lua,Levels\Regicide.luac,..\..\Image\DontShip\Common\Scripts\\Levels\Regicide.lua | common.lua | EnemyTypes.lua | Vector.lua | GridShapes.lua | Entities\Beacon.lua | SuperStates.lua | RegicideMode.lua
1067_E089D35D_55D92911.luac,..\..\Image\DontShip\Common\Scripts\\Levels\CoopDeadline_Endurance.lua,Levels\CoopDeadline_Endurance.luac,..\..\Image\DontShip\Common\Scripts\\Levels\CoopDeadline_Endurance.lua | common.lua | EnemyTypes.lua | GridShapes.lua | Entities\LuaEntity.lua | Vector.lua | SuperStates.lua
1073_E39D0118_C3C605CF.luac,..\..\Image\DontShip\Common\Scripts\\LevelsHC\TwistedBlister_HC.lua,LevelsHC\TwistedBlister_HC.luac,..\..\Image\DontShip\Common\Scripts\\LevelsHC\TwistedBlister_HC.lua | common.lua | EnemyTypes.lua | Vector.lua | GridShapes.lua | SuperStates.lua | Entities\LuaEntity.lua
1090_E76AF769_7D55B0B6.luac,..\..\Image\DontShip\Common\Scripts\\Levels\CoopBoss.lua,Levels\CoopBoss.luac,..\..\Image\DontShip\Common\Scripts\\Levels\CoopBoss.lua | common.lua | EnemyTypes.lua | GridShapes.lua | Entities\BossEntity.lua | Vector.lua
1092_E858CA5E_7A6D1DF9.luac,..\..\Image\DontShip\Common\Scripts\\LevelsDLC1\EvoCube.lua,LevelsDLC1\EvoCube.luac,..\..\Image\DontShip\Common\Scripts\\LevelsDLC1\EvoCube.lua | EnemyTypes.lua | GameModes\MultiLifeMode.lua | Entities\PlayerChaserSpawner.lua
1094_E8DDC2B9_4F804CAB.luac,..\..\Image\DontShip\Common\Scripts\\LevelsDLC1\StateofEmergency.lua,LevelsDLC1\StateofEmergency.luac,..\..\Image\DontShip\Common\Scripts\\LevelsDLC1\StateofEmergency.lua | common.lua | EnemyTypes.lua | Vector.lua | GridShapes.lua | SuperStates.lua
1098_E9EF6070_CBF17C04.luac,..\..\Image\DontShip\Common\Scripts\\LevelsMobile\Intensity_Mob.lua,LevelsMobile\Intensity_Mob.luac,..\..\Image\DontShip\Common\Scripts\\LevelsMobile\Intensity_Mob.lua | common.lua | EnemyTypes.lua | Vector.lua | GridShapes.lua | SuperStates.lua
1099_E9F1DE2F_D54678AE.luac,..\..\Image\DontShip\Common\Scripts\\LevelsMobile\Ultimate\ScorpionWitchesHat_Mob.lua,LevelsMobile\Ultimate\ScorpionWitchesHat_Mob.luac,..\..\Image\DontShip\Common\Scripts\\LevelsMobile\Ultimate\ScorpionWitchesHat_Mob.lua | common.lua | EnemyTypes.lua | Vector.lua | GridShapes.lua | GameModes\PacifismMode.lua
1106_EB6E9814_48B5DDC4.luac,..\..\Image\DontShip\Common\Scripts\\LevelsDLC1\CheckpointEvil.lua,LevelsDLC1\CheckpointEvil.luac,..\..\Image\DontShip\Common\Scripts\\LevelsDLC1\CheckpointEvil.lua | common.lua | EnemyTypes.lua | GridShapes.lua | Entities\LuaEntity.lua | Vector.lua | SuperStates.lua | Entities\WallEntity.lua
1112_EC8FE5E4_434BF6EA.luac,..\..\Image\DontShip\Common\Scripts\\Levels\Pacifism.lua,Levels\Pacifism.luac,..\..\Image\DontShip\Common\Scripts\\Levels\Pacifism.lua | common.lua | EnemyTypes.lua | Vector.lua | GridShapes.lua | GameModes\PacifismMode.lua
1114_ECCA99BD_A9976088.luac,..\..\Image\DontShip\Common\Scripts\\LevelsDLC1\CheckPointHardMaze.lua,LevelsDLC1\CheckPointHardMaze.luac,..\..\Image\DontShip\Common\Scripts\\LevelsDLC1\CheckPointHardMaze.lua | common.lua | EnemyTypes.lua | GridShapes.lua | Entities\LuaEntity.lua | Entities\WallEntity.lua | Vector.lua | SuperStates.lua
1116_ED0B1082_6B6AB74A.luac,..\..\Image\DontShip\Common\Scripts\\LevelsMobile\Ultimate\EvoCube_Mob.lua,LevelsMobile\Ultimate\EvoCube_Mob.luac,..\..\Image\DontShip\Common\Scripts\\LevelsMobile\Ultimate\EvoCube_Mob.lua | EnemyTypes.lua | GameModes\MultiLifeMode.lua | Entities\PlayerChaserSpawner.lua
1118_ED8C0281_F7992997.luac,..\..\Image\DontShip\Common\Scripts\\LevelsMobile\TurbineCube_Mob.lua,LevelsMobile\TurbineCube_Mob.luac,..\..\Image\DontShip\Common\Scripts\\LevelsMobile\TurbineCube_Mob.lua | common.lua | EnemyTypes.lua | Vector.lua | GridShapes.lua | Entities\WallEntity.lua | SuperStates.lua
1126_F002DFB1_D7CF4D56.luac,..\..\Image\DontShip\Common\Scripts\\LevelsMobile\Ultimate\CheckPointHardMaze_Mob.lua,LevelsMobile\Ultimate\CheckPointHardMaze_Mob.luac,..\..\Image\DontShip\Common\Scripts\\LevelsMobile\Ultimate\CheckPointHardMaze_Mob.lua | common.lua | EnemyTypes.lua | GridShapes.lua | Entities\LuaEntity.lua | Entities\WallEntity.lua | Vector.lua | SuperStates.lua
1135_F1C72971_418EFEA7.luac,..\..\Image\DontShip\Common\Scripts\\LevelsDLC1\TargetAcquired.lua,LevelsDLC1\TargetAcquired.luac,..\..\Image\DontShip\Common\Scripts\\LevelsDLC1\TargetAcquired.lua | common.lua | EnemyTypes.lua | Vector.lua | GridShapes.lua | Entities\LuaEntity.lua | SuperStates.lua | Entities\WallEntity.lua
1141_F2F492A6_9190D4C1.luac,..\..\Image\DontShip\Common\Scripts\\LevelsMobile\TwistedBlister_Mob.lua,LevelsMobile\TwistedBlister_Mob.luac,..\..\Image\DontShip\Common\Scripts\\LevelsMobile\TwistedBlister_Mob.lua | common.lua | EnemyTypes.lua | Vector.lua | GridShapes.lua | SuperStates.lua | Entities\LuaEntity.lua
1142_F33547F3_AFBD4FC5.luac,..\..\Image\DontShip\Common\Scripts\\LevelsHC\RunFamily_HC.lua,LevelsHC\RunFamily_HC.luac,..\..\Image\DontShip\Common\Scripts\\LevelsHC\RunFamily_HC.lua | common.lua | EnemyTypes.lua | GridShapes.lua | Entities\LuaEntity.lua | Vector.lua | SuperStates.lua
1145_F3D5B535_F8C9F6CC.luac,..\..\Image\DontShip\Common\Scripts\\Levels\CoopPacifism.lua,Levels\CoopPacifism.luac,..\..\Image\DontShip\Common\Scripts\\Levels\CoopPacifism.lua | common.lua | EnemyTypes.lua | Vector.lua | GridShapes.lua
1152_F587EB6E_AF743457.luac,..\..\Image\DontShip\Common\Scripts\\LevelsDLC1\SweepHard.lua,LevelsDLC1\SweepHard.luac,..\..\Image\DontShip\Common\Scripts\\LevelsDLC1\SweepHard.lua | common.lua | EnemyTypes.lua | Vector.lua | GridShapes.lua | SuperStates.lua | Entities\WallEntity.lua
1162_F6C87B90_3AD11F18.luac,..\..\Image\DontShip\Common\Scripts\\LevelsMobile\HardCore\TwistedBlister_HC_Mob.lua,LevelsMobile\HardCore\TwistedBlister_HC_Mob.luac,..\..\Image\DontShip\Common\Scripts\\LevelsMobile\HardCore\TwistedBlister_HC_Mob.lua | common.lua | EnemyTypes.lua | Vector.lua | GridShapes.lua | SuperStates.lua | Entities\LuaEntity.lua
1165_F779FF27_8FA5E8D8.luac,..\..\Image\DontShip\Common\Scripts\\Levels\CoopDome.lua,Levels\CoopDome.luac,..\..\Image\DontShip\Common\Scripts\\Levels\CoopDome.lua | common.lua | EnemyTypes.lua | Vector.lua | GridShapes.lua | SuperStates.lua
1167_F7E418CE_F97D7B15.luac,..\..\Image\DontShip\Common\Scripts\\LevelsMobile\InfectedPlanet_Mob.lua,LevelsMobile\InfectedPlanet_Mob.luac,..\..\Image\DontShip\Common\Scripts\\LevelsMobile\InfectedPlanet_Mob.lua | common.lua | EnemyTypes.lua | GridShapes.lua | Entities\LuaEntity.lua | Vector.lua | SuperStates.lua
1175_F8EAA604_1007CC1D.luac,..\..\Image\DontShip\Common\Scripts\\Levels\SweepEasy.lua,Levels\SweepEasy.luac,..\..\Image\DontShip\Common\Scripts\\Levels\SweepEasy.lua | common.lua | EnemyTypes.lua | Vector.lua | GridShapes.lua | SuperStates.lua | Entities\WallEntity.lua
1176_F98E56DE_0167C536.luac,..\..\Image\DontShip\Common\Scripts\\Levels\SausageKingofChicago.lua,Levels\SausageKingofChicago.luac,..\..\Image\DontShip\Common\Scripts\\Levels\SausageKingofChicago.lua | common.lua | EnemyTypes.lua | GridShapes.lua | Entities\LuaEntity.lua | Vector.lua | SuperStates.lua
1179_FA9F5D00_6F7D5407.luac,..\..\Image\DontShip\Common\Scripts\RegicideMode.lua,RegicideMode.luac,..\..\Image\DontShip\Common\Scripts\RegicideMode.lua
1184_FBA3499B_DF0174B7.luac,..\..\Image\DontShip\Common\Scripts\\LevelsMobile\SausageSmash_Mob.lua,LevelsMobile\SausageSmash_Mob.luac,..\..\Image\DontShip\Common\Scripts\\LevelsMobile\SausageSmash_Mob.lua | common.lua | EnemyTypes.lua | GridShapes.lua | Entities\LuaEntity.lua | Vector.lua | SuperStates.lua
1186_FC39789B_23844EE8.luac,..\..\Image\DontShip\Common\Scripts\\LevelsHC\KingSphere_HC.lua,LevelsHC\KingSphere_HC.luac,..\..\Image\DontShip\Common\Scripts\\LevelsHC\KingSphere_HC.lua | common.lua | EnemyTypes.lua | Vector.lua | GridShapes.lua | SuperStates.lua
1190_FCE77821_FCD49681.luac,..\..\Image\DontShip\Common\Scripts\\LevelsMobile\TitanSausage_Mob.lua,LevelsMobile\TitanSausage_Mob.luac,..\..\Image\DontShip\Common\Scripts\\LevelsMobile\TitanSausage_Mob.lua | common.lua | EnemyTypes.lua | Vector.lua | GridShapes.lua | SuperStates.lua
1194_FD20F021_BAB09112.luac,..\..\Image\DontShip\Common\Scripts\\LevelsMobile\LimitTwist_Mob.lua,LevelsMobile\LimitTwist_Mob.luac,..\..\Image\DontShip\Common\Scripts\\LevelsMobile\LimitTwist_Mob.lua | common.lua | EnemyTypes.lua | GridShapes.lua | Entities\LuaEntity.lua | Vector.lua
1195_FD4DBB04_202BA5F4.luac,..\..\Image\DontShip\Common\Scripts\\Levels\PH_MultiTest.lua,Levels\PH_MultiTest.luac,..\..\Image\DontShip\Common\Scripts\\Levels\PH_MultiTest.lua | common.lua | EnemyTypes.lua | Vector.lua | GridShapes.lua | Entities\Beacon.lua
1199_FE07A54D_05DE64E7.luac,..\..\Image\DontShip\Common\Scripts\\LevelsMobile\Repulport_Mob.lua,LevelsMobile\Repulport_Mob.luac,..\..\Image\DontShip\Common\Scripts\\LevelsMobile\Repulport_Mob.lua | common.lua | EnemyTypes.lua | GridShapes.lua | Entities\WallEntity.lua | Entities\LuaEntity.lua | Vector.lua | SuperStates.lua
1202_FE752028_5EC6F8C1.luac,..\..\Image\DontShip\Common\Scripts\\LevelsMobile\GateDash_Mob.lua,LevelsMobile\GateDash_Mob.luac,..\..\Image\DontShip\Common\Scripts\\LevelsMobile\GateDash_Mob.lua | common.lua | EnemyTypes.lua | Vector.lua | GridShapes.lua
1208_FF8C4AF9_072B0BB2.luac,..\..\Image\DontShip\Common\Scripts\\LevelsMobile\SweepEasy_Mob.lua,LevelsMobile\SweepEasy_Mob.luac,..\..\Image\DontShip\Common\Scripts\\LevelsMobile\SweepEasy_Mob.lua | common.lua | EnemyTypes.lua | Vector.lua | GridShapes.lua | SuperStates.lua | Entities\WallEntity.lua
1210_FFF8CDCB_779809B8.luac,..\..\Image\DontShip\Common\Scripts\\Entities\PortalEntity.lua,Entities\PortalEntity.luac,..\..\Image\DontShip\Common\Scripts\\Entities\PortalEntity.lua
